t,x1,x2,y1,y2,s_boom,s_stick,s_bucket,v_boom,v_stick,v_bucket,a_boom,a_stick,a_bucket,yaw,yaw_rate,rs485_ok,adc_ok,imu_ok
288,0.000,0.000,0.000,0.000,0.000,0.000,0.000,0.000,0.000,0.000,0.000,0.000,0.000,0.000,0.000,0,0,0
388,0.000,0.000,0.000,0.000,0.000,0.000,0.000,0.000,0.000,0.000,20.000,0.000,153.400,0.000,0.000,0,1,0
488,0.000,0.000,0.000,0.000,88.350,121.550,123.480,0.000,0.000,0.000,20.000,121.560,153.400,0.000,0.000,1,1,0
588,0.000,0.000,0.000,0.000,88.350,121.550,123.480,0.000,0.000,0.000,20.000,121.560,153.400,0.000,0.000,1,1,0
804,0.000,0.000,0.000,0.000,88.350,121.550,123.480,0.000,0.000,0.000,20.000,121.560,153.400,0.000,0.000,1,1,0
904,0.000,0.000,0.000,0.000,88.350,121.550,123.480,0.000,0.000,0.000,20.000,121.560,153.400,0.000,0.000,1,1,0
1004,0.000,0.000,0.000,0.000,88.350,121.550,123.480,0.000,0.000,0.000,20.000,121.560,153.400,0.000,0.000,1,1,0
1104,0.000,0.000,0.000,0.000,88.350,121.550,123.480,0.000,0.000,0.000,20.000,121.560,153.400,0.000,0.000,1,1,0
1303,0.000,0.000,0.000,0.000,88.350,121.550,123.480,0.000,0.000,0.000,20.000,121.560,153.400,0.000,0.000,1,1,0
1403,0.000,0.000,0.000,0.000,88.350,121.550,123.480,0.000,0.000,0.000,20.000,121.560,153.400,0.000,0.000,1,1,0
1506,0.000,0.000,0.000,0.000,88.350,121.550,123.480,0.000,0.000,0.000,20.000,121.560,153.400,0.000,0.000,1,1,0
1606,0.000,0.000,0.000,0.000,88.350,121.550,123.480,0.000,0.000,0.000,20.000,121.560,153.400,0.000,0.000,1,1,0
1803,0.000,0.000,0.000,0.000,88.350,121.550,123.480,0.000,0.000,0.000,20.000,121.560,153.400,0.000,0.000,1,1,0
1903,0.000,0.000,0.000,0.000,88.350,121.550,123.480,0.000,0.000,0.000,20.000,121.560,153.400,0.000,0.000,1,1,0
2003,0.000,0.000,0.000,0.000,88.350,121.550,123.480,0.000,0.000,0.000,20.000,121.560,153.400,0.000,0.000,1,1,0
2106,0.000,0.000,0.000,0.000,88.350,121.550,123.480,0.000,0.000,0.000,20.000,121.560,153.400,0.000,0.000,1,1,0
2307,0.000,0.000,0.000,0.000,88.350,121.550,123.480,0.000,0.000,0.000,20.000,121.560,153.400,359.994,-0.045,1,1,1
2407,0.000,0.000,0.000,0.500,88.350,121.550,123.480,0.000,0.000,0.000,20.000,121.560,153.400,359.994,0.147,1,1,1
2507,0.000,0.000,0.000,0.500,88.350,121.550,123.480,0.000,0.000,0.000,20.000,121.560,153.200,0.157,3.006,1,1,1
2607,0.000,0.000,0.000,0.500,90.100,121.650,123.550,8.750,0.500,0.380,20.000,121.510,152.500,0.308,2.260,1,1,1
2807,0.000,0.000,0.000,0.500,90.100,121.650,123.550,8.750,0.500,0.380,20.000,121.510,152.600,0.567,1.226,1,1,1
2907,0.000,0.000,0.000,0.500,95.130,121.630,123.300,16.750,-0.080,-0.830,20.000,121.520,152.500,0.621,0.095,1,1,1
3007,0.000,0.000,0.000,0.500,95.130,121.630,123.300,16.750,-0.080,-0.830,20.000,121.520,152.600,0.645,0.173,1,1,1
3107,0.000,0.000,0.000,0.500,98.480,121.630,123.450,16.750,0.000,0.750,20.300,121.520,152.600,0.635,0.086,1,1,1
3307,0.000,0.000,0.000,0.500,98.480,121.630,123.450,16.750,0.000,0.750,21.300,121.520,152.600,0.620,-0.037,1,1,1
3407,0.000,0.000,0.000,0.500,103.450,121.630,123.500,16.580,0.000,0.170,23.200,121.520,152.600,0.616,0.262,1,1,1
3507,0.000,0.000,0.000,0.500,103.450,121.630,123.500,16.580,0.000,0.170,24.200,121.520,152.600,0.625,0.086,1,1,1
3607,0.000,0.000,0.000,0.500,106.800,121.630,123.450,16.750,0.000,-0.250,25.300,121.520,152.600,0.633,0.051,1,1,1
3807,0.000,0.000,0.000,0.500,106.800,121.630,123.450,16.750,0.000,-0.250,26.300,121.520,152.600,0.624,-0.107,1,1,1
3907,0.000,0.000,0.000,0.500,111.830,121.630,123.550,16.810,0.000,0.330,28.500,121.520,152.600,0.621,0.069,1,1,1
4007,0.000,0.000,0.000,0.500,111.830,121.630,123.550,16.810,0.000,0.330,29.600,121.520,152.600,0.623,-0.001,1,1,1
4107,0.000,0.000,0.000,0.500,115.200,121.630,123.580,16.790,0.000,0.120,30.500,121.520,152.600,0.628,0.086,1,1,1
4307,0.000,0.000,0.000,0.500,115.200,121.630,123.580,16.790,0.000,0.120,31.500,121.520,152.600,0.631,-0.002,1,1,1
4407,0.000,0.000,0.000,0.500,120.200,121.630,123.600,16.670,0.000,0.080,33.500,121.520,152.600,0.631,-0.072,1,1,1
4507,0.000,0.000,0.000,0.500,120.200,121.630,123.600,16.670,0.000,0.080,34.700,121.520,152.600,0.633,0.095,1,1,1
4607,0.000,0.000,0.000,0.500,123.530,121.630,123.600,16.630,0.000,0.000,35.500,121.520,152.600,0.633,0.033,1,1,1
4807,0.000,0.000,0.000,0.500,123.530,121.630,123.600,16.630,0.000,0.000,36.600,121.520,152.600,0.623,-0.107,1,1,1
4907,0.000,0.000,0.000,0.500,128.550,121.630,123.600,16.750,0.000,0.000,38.500,121.520,152.600,0.623,-0.072,1,1,1
5007,0.000,0.000,0.000,0.500,128.550,121.630,123.600,16.750,0.000,0.000,39.500,121.520,152.600,0.622,0.095,1,1,1
5107,0.000,0.000,0.000,0.500,131.930,121.630,123.600,16.880,0.000,0.000,40.500,121.520,152.600,0.624,0.174,1,1,1
5307,0.000,0.000,0.000,0.500,131.930,121.630,123.600,16.880,0.000,0.000,41.700,121.520,152.600,0.608,-0.160,1,1,1
5407,0.000,0.000,0.000,0.500,137.000,121.630,123.600,16.920,0.000,0.000,43.800,121.520,152.600,0.606,0.130,1,1,1
5507,0.000,0.000,0.000,0.500,137.000,121.630,123.600,16.920,0.000,0.000,44.900,121.520,152.600,0.605,-0.107,1,1,1
5607,0.000,0.000,0.000,0.500,140.380,121.630,123.600,16.880,0.000,0.000,46.100,121.520,152.600,0.607,0.068,1,1,1
5807,0.000,0.000,0.000,0.500,140.380,121.630,123.600,16.880,0.000,0.000,46.700,121.520,152.600,0.634,0.200,1,1,1
5907,0.000,0.000,0.000,0.500,145.450,121.630,123.630,16.920,0.000,0.080,49.000,121.520,152.600,0.636,0.147,1,1,1
6007,0.000,0.000,0.000,0.500,145.450,121.630,123.630,16.920,0.000,0.080,49.900,121.520,152.600,0.636,0.042,1,1,1
6107,0.000,0.000,0.000,0.500,148.780,121.630,123.630,16.630,0.000,0.000,51.000,121.520,152.600,0.638,-0.063,1,1,1
6307,0.000,0.000,0.000,0.500,148.780,121.630,123.630,16.630,0.000,0.000,51.800,121.520,152.600,0.657,0.147,1,1,1
6407,0.000,0.000,0.000,0.500,153.830,121.630,123.630,16.830,0.000,0.000,53.800,121.520,152.600,0.657,-0.160,1,1,1
6507,0.000,0.000,0.000,0.500,153.830,121.630,123.630,16.830,0.000,0.000,55.000,121.520,152.600,0.658,0.095,1,1,1
6607,0.000,0.000,0.000,0.000,157.200,121.630,123.630,16.880,0.000,0.000,56.000,121.520,152.500,0.657,-0.255,1,1,1
6807,0.000,0.000,0.000,0.000,157.200,121.630,123.630,16.880,0.000,0.000,56.800,121.520,152.500,0.675,0.112,1,1,1
6907,0.000,0.000,0.000,0.000,158.350,121.630,123.650,3.830,0.000,0.080,56.800,121.520,152.500,0.658,0.077,1,1,1
7007,0.000,0.000,0.000,0.000,158.350,121.630,123.650,3.830,0.000,0.080,56.800,121.520,152.500,0.665,-0.169,1,1,1
7107,0.000,0.000,0.000,0.000,158.350,121.630,123.650,0.000,0.000,0.000,56.800,121.520,152.500,0.654,-0.195,1,1,1
7307,0.000,0.000,0.600,0.000,158.350,121.630,123.650,0.000,0.000,0.000,56.800,121.520,152.500,0.625,-0.308,1,1,1
7407,0.000,0.000,0.600,0.000,158.350,126.530,123.650,0.000,16.330,0.000,56.800,119.100,151.800,0.634,-0.029,1,1,1
7507,0.000,0.000,0.600,0.000,158.350,126.530,123.650,0.000,16.330,0.000,56.800,119.100,151.800,0.638,0.033,1,1,1
7607,0.000,0.000,0.600,0.000,158.350,134.330,123.650,0.000,39.000,0.000,56.800,115.310,151.700,0.637,-0.151,1,1,1
7807,0.000,0.000,0.600,0.000,158.350,134.330,123.650,0.000,39.000,0.000,56.800,115.310,151.800,0.638,0.024,1,1,1
7907,0.000,0.000,0.600,0.000,158.350,145.950,123.650,0.000,38.750,0.000,56.800,109.730,151.800,0.643,0.059,1,1,1
8007,0.000,0.000,0.600,0.000,158.350,145.950,123.650,0.000,38.750,0.000,56.800,109.730,151.800,0.647,0.024,1,1,1
8107,0.000,0.000,0.600,0.000,158.350,153.650,123.650,0.000,38.500,0.000,56.800,106.050,151.800,0.650,-0.002,1,1,1
8307,0.000,0.000,0.600,0.000,158.350,153.650,123.650,0.000,38.500,0.000,56.800,106.050,151.800,0.656,0.068,1,1,1
8407,0.000,0.000,0.600,0.000,158.330,165.300,123.650,-0.080,38.830,0.000,56.800,100.470,151.800,0.658,0.041,1,1,1
8507,0.000,0.000,0.600,0.000,158.330,165.300,123.650,-0.080,38.830,0.000,56.800,100.470,151.900,0.666,-0.011,1,1,1
8607,0.000,0.000,0.600,0.000,158.330,173.000,123.650,0.000,38.500,0.000,56.800,96.760,152.000,0.670,0.103,1,1,1
8807,0.000,0.000,0.600,0.000,158.330,173.000,123.650,0.000,38.500,0.000,56.800,96.760,152.000,0.662,-0.064,1,1,1
8907,0.000,0.000,0.600,0.000,158.330,184.650,123.630,0.000,38.830,-0.080,56.800,91.070,152.000,0.664,0.067,1,1,1
9007,0.000,0.000,0.600,0.000,158.330,184.650,123.630,0.000,38.830,-0.080,56.800,91.070,152.000,0.665,0.059,1,1,1
9107,0.000,0.000,0.600,0.000,158.330,192.480,123.430,0.000,39.130,-1.000,56.800,87.160,153.200,0.667,0.006,1,1,1
9307,0.000,0.000,0.600,0.000,158.330,192.480,123.430,0.000,39.130,-1.000,56.800,87.160,153.100,0.663,-0.055,1,1,1
9407,0.000,0.000,0.600,0.000,158.330,204.080,123.380,0.000,38.670,-0.170,56.800,81.220,153.100,0.666,0.041,1,1,1
9507,0.000,0.000,0.600,0.000,158.330,204.080,123.380,0.000,38.670,-0.170,56.800,81.220,153.100,0.668,0.041,1,1,1
9607,0.000,0.000,0.600,0.000,158.330,211.830,123.480,0.000,38.750,0.500,56.800,77.110,153.200,0.668,-0.038,1,1,1
9807,0.000,0.000,0.600,0.000,158.330,211.830,123.480,0.000,38.750,0.500,56.800,77.110,153.200,0.676,0.050,1,1,1
9907,0.000,0.000,-0.600,0.000,158.330,223.350,123.500,0.000,38.420,0.080,56.800,70.730,153.200,0.677,-0.082,1,1,1
10007,0.000,0.000,-0.600,0.000,158.330,223.350,123.500,0.000,38.420,0.080,56.800,70.730,153.200,0.685,0.584,1,1,1
10107,0.000,0.000,-0.600,0.000,158.330,226.350,123.830,0.000,15.000,1.630,56.800,69.010,152.900,0.683,-0.862,1,1,1
10307,0.000,0.000,-0.600,0.000,158.330,226.350,123.830,0.000,15.000,1.630,56.800,69.010,153.500,0.713,0.261,1,1,1
10407,0.000,0.000,-0.600,0.000,158.330,211.500,123.580,0.000,-49.500,-0.830,56.800,77.290,153.100,0.709,-0.056,1,1,1
10507,0.000,0.000,-0.600,0.000,158.330,211.500,123.580,0.000,-49.500,-0.830,56.800,77.290,153.100,0.714,0.374,1,1,1
10607,0.000,0.000,-0.600,0.000,158.330,201.830,123.550,0.000,-48.380,-0.130,56.800,82.390,153.800,0.718,0.076,1,1,1
10807,0.000,0.000,-0.600,0.000,158.330,201.830,123.550,0.000,-48.380,-0.130,56.800,82.390,153.200,0.726,0.094,1,1,1
10907,0.000,0.000,-0.600,0.000,158.330,187.300,123.500,0.000,-48.420,-0.170,56.800,89.750,153.700,0.725,0.023,1,1,1
11007,0.000,0.000,-0.600,0.000,158.330,187.300,123.500,0.000,-48.420,-0.170,56.800,89.750,153.500,0.727,0.093,1,1,1
11107,0.000,0.000,-0.600,0.000,158.330,177.580,123.600,0.000,-48.630,0.500,56.800,94.540,153.400,0.729,-0.029,1,1,1
11307,0.000,0.000,-0.600,0.000,158.330,177.580,123.600,0.000,-48.630,0.500,56.800,94.540,153.200,0.748,0.173,1,1,1
11407,0.000,0.000,-0.600,0.000,158.330,163.180,123.780,0.000,-48.000,0.580,56.800,101.490,153.100,0.748,0.058,1,1,1
11507,0.000,0.000,-0.600,0.000,158.330,163.180,123.780,0.000,-48.000,0.580,56.800,101.490,153.100,0.751,0.120,1,1,1
11607,0.000,0.000,-0.600,0.000,158.330,153.580,123.780,0.000,-48.000,0.000,56.800,106.080,153.000,0.752,-0.073,1,1,1
11807,0.000,0.000,-0.600,0.000,158.330,153.580,123.780,0.000,-48.000,0.000,56.800,106.080,152.600,0.753,-0.012,1,1,1
11907,0.000,0.000,-0.600,0.000,158.330,139.300,123.780,0.000,-47.740,0.000,56.800,112.920,152.100,0.755,0.006,1,1,1
12007,0.000,0.000,-0.600,0.000,158.330,139.300,123.780,0.000,-47.740,0.000,56.800,112.920,153.400,0.757,-0.073,1,1,1
12107,0.000,0.000,-0.600,0.000,158.330,129.680,123.780,0.000,-47.890,0.000,56.800,117.570,169.200,0.759,-0.021,1,1,1
12307,0.000,0.000,-0.600,0.000,158.330,129.680,123.780,0.000,-47.890,0.000,56.800,117.570,151.900,0.760,-0.003,1,1,1
12407,0.000,0.000,-0.600,0.000,158.330,115.550,123.800,0.000,-47.240,0.080,56.800,124.560,151.800,0.760,-0.056,1,1,1
12507,0.000,0.000,-0.600,0.000,158.330,115.550,123.800,0.000,-47.240,0.080,56.800,124.560,151.700,0.760,0.110,1,1,1
12607,0.000,0.000,-0.600,0.000,158.330,106.080,123.800,0.000,-46.910,0.000,56.800,129.420,151.700,0.759,-0.038,1,1,1
12807,0.000,0.000,-0.600,0.000,158.330,106.080,123.800,0.000,-46.910,0.000,56.800,129.420,151.700,0.757,-0.039,1,1,1
12907,0.000,0.000,-0.600,0.000,158.330,92.100,123.800,0.000,-46.740,0.000,56.800,137.040,151.700,0.758,0.031,1,1,1
13007,0.000,0.000,-0.600,0.000,158.330,92.100,123.800,0.000,-46.740,0.000,56.800,137.040,151.700,0.758,0.032,1,1,1
13107,0.000,0.000,-0.600,0.000,158.330,82.750,123.800,0.000,-46.750,0.000,56.800,142.600,151.700,0.758,0.023,1,1,1
13307,0.000,0.000,-0.600,0.000,158.330,82.750,123.800,0.000,-46.750,0.000,56.800,142.600,151.700,0.763,0.023,1,1,1
13407,0.000,0.000,-0.600,0.000,158.330,68.980,123.800,0.000,-45.920,0.000,56.800,152.060,151.700,0.765,-0.012,1,1,1
13507,0.000,0.000,-0.600,0.000,158.330,68.980,123.800,0.000,-45.920,0.000,56.800,152.060,151.700,0.766,0.048,1,1,1
13607,0.000,0.000,0.600,0.000,158.330,59.900,123.800,0.000,-45.380,0.000,56.800,160.070,151.700,0.768,0.101,1,1,1
13807,0.000,0.000,0.600,0.000,158.330,59.900,123.800,0.000,-45.380,0.000,56.800,160.070,151.700,0.854,0.699,1,1,1
13907,0.000,0.000,0.600,0.000,158.330,59.330,123.850,0.000,-1.920,0.170,56.800,160.670,151.700,0.859,0.330,1,1,1
14007,0.000,0.000,0.600,0.000,158.330,59.330,123.850,0.000,-1.920,0.170,56.800,160.670,151.700,0.858,0.225,1,1,1
14107,0.000,0.000,0.600,0.000,158.330,66.900,123.850,0.000,37.880,0.000,56.800,153.710,151.700,0.857,0.074,1,1,1
14307,0.000,0.000,0.600,0.000,158.330,66.900,123.850,0.000,37.880,0.000,56.800,153.710,151.700,0.870,0.145,1,1,1
14407,0.000,0.000,0.600,0.000,158.330,78.330,123.850,0.000,38.080,0.000,56.800,145.430,151.700,0.870,0.014,1,1,1
14507,0.000,0.000,0.600,0.000,158.330,78.330,123.850,0.000,38.080,0.000,56.800,145.430,151.700,0.871,0.023,1,1,1
14607,0.000,0.000,0.600,0.000,158.330,86.030,123.850,0.000,38.500,0.000,56.800,140.590,151.800,0.870,-0.092,1,1,1
14807,0.000,0.000,0.600,0.000,158.330,86.030,123.850,0.000,38.500,0.000,56.800,140.590,151.700,0.854,-0.153,1,1,1
14907,0.000,0.000,0.600,0.000,158.330,97.580,123.850,0.000,38.500,0.000,56.800,133.970,151.700,0.856,-0.083,1,1,1
15007,0.000,0.000,0.600,0.000,158.330,97.580,123.850,0.000,38.500,0.000,56.800,133.970,151.700,0.859,-0.039,1,1,1
15107,0.000,0.000,0.600,0.000,158.330,105.280,123.850,0.000,38.500,0.000,56.800,129.840,151.800,0.861,-0.188,1,1,1
15307,0.000,0.000,0.600,0.000,158.330,105.280,123.850,0.000,38.500,0.000,56.800,129.840,151.700,0.848,-0.145,1,1,1
15407,0.000,0.000,0.600,0.000,158.330,116.880,123.850,0.000,38.670,0.000,56.800,123.890,151.800,0.851,-0.039,1,1,1
15507,0.000,0.000,0.600,0.000,158.330,116.880,123.850,0.000,38.670,0.000,56.800,123.890,151.800,0.855,-0.022,1,1,1
15607,0.000,0.000,0.600,0.000,158.330,124.530,123.850,0.000,38.250,0.000,56.800,120.090,151.800,0.858,0.066,1,1,1
15807,0.000,0.000,0.600,0.000,158.330,124.530,123.850,0.000,38.250,0.000,56.800,120.090,151.800,0.858,-0.013,1,1,1
15907,0.000,0.000,0.600,0.000,158.330,136.150,123.850,0.000,38.750,0.000,56.800,114.430,151.800,0.858,0.092,1,1,1
16007,0.000,0.000,0.600,0.000,158.330,136.150,123.850,0.000,38.750,0.000,56.800,114.430,151.800,0.860,0.128,1,1,1
16107,0.000,0.000,0.600,0.000,158.330,143.930,123.850,0.000,38.880,0.000,56.800,110.700,151.800,0.861,-0.057,1,1,1
16307,0.000,0.000,0.600,0.000,158.330,143.930,123.850,0.000,38.880,0.000,56.800,110.700,151.800,0.860,-0.031,1,1,1
16407,0.000,0.000,0.600,0.000,158.300,155.500,123.850,-0.080,38.580,0.000,56.800,105.160,151.900,0.863,-0.048,1,1,1
16507,0.000,0.000,0.600,0.000,158.300,155.500,123.850,-0.080,38.580,0.000,56.800,105.160,152.100,0.862,-0.057,1,1,1
16607,0.000,0.000,0.600,0.000,158.300,163.250,123.850,0.000,38.750,0.000,56.800,101.460,152.000,0.865,-0.083,1,1,1
16807,0.000,0.000,0.600,0.000,158.300,163.250,123.850,0.000,38.750,0.000,56.800,101.460,152.000,0.846,-0.180,1,1,1
16907,0.000,0.000,0.600,0.000,158.300,174.830,123.850,0.000,38.580,0.000,56.800,95.870,151.900,0.847,-0.005,1,1,1
17007,0.000,0.000,0.600,0.000,158.300,174.830,123.850,0.000,38.580,0.000,56.800,95.870,151.900,0.846,0.004,1,1,1
17107,0.000,0.000,0.600,0.000,158.300,182.600,123.830,0.000,38.880,-0.130,56.800,92.080,151.900,0.848,-0.005,1,1,1
17307,0.000,0.000,0.600,0.000,158.300,182.600,123.830,0.000,38.880,-0.130,56.800,92.080,151.900,0.853,0.022,1,1,1
17407,0.000,0.000,0.600,0.000,158.300,194.330,123.550,0.000,39.080,-0.920,56.800,86.230,151.900,0.855,-0.031,1,1,1
17507,0.000,0.000,0.600,0.000,158.300,194.330,123.550,0.000,39.080,-0.920,56.800,86.230,151.900,0.854,0.048,1,1,1
17607,0.000,0.000,0.600,0.000,158.300,202.050,123.530,0.000,38.630,-0.130,56.800,82.280,151.900,0.855,-0.040,1,1,1
17807,0.000,0.000,0.600,0.000,158.300,202.050,123.530,0.000,38.630,-0.130,56.800,82.280,151.900,0.857,0.004,1,1,1
17907,0.000,0.000,0.600,0.000,158.300,213.680,123.650,0.000,38.750,0.420,56.800,76.110,152.500,0.858,-0.004,1,1,1
18007,0.000,0.000,0.600,0.000,158.300,213.680,123.650,0.000,38.750,0.420,56.800,76.110,153.200,0.858,-0.075,1,1,1
18107,0.000,0.000,-0.600,0.000,158.300,221.400,123.680,0.000,38.630,0.130,56.800,71.840,153.200,0.857,0.083,1,1,1
18307,0.000,0.000,-0.600,0.000,158.300,221.400,123.680,0.000,38.630,0.130,56.800,71.840,153.200,0.806,-0.951,1,1,1
18407,0.000,0.000,-0.600,0.000,158.300,219.500,123.630,0.000,-6.330,-0.170,56.800,72.910,152.900,0.796,0.187,1,1,1
18507,0.000,0.000,-0.600,0.000,158.300,219.500,123.630,0.000,-6.330,-0.170,56.800,72.910,153.100,0.801,0.338,1,1,1
18607,0.000,0.000,-0.600,0.000,158.300,209.600,123.650,0.000,-49.500,0.130,56.800,78.310,153.200,0.800,-0.146,1,1,1
18807,0.000,0.000,-0.600,0.000,158.300,209.600,123.650,0.000,-49.500,0.130,56.800,78.310,153.200,0.822,0.162,1,1,1
18907,0.000,0.000,-0.600,0.000,158.300,195.080,123.630,0.000,-48.420,-0.080,56.800,85.850,153.100,0.819,0.022,1,1,1
19007,0.000,0.000,-0.600,0.000,158.300,195.080,123.630,0.000,-48.420,-0.080,56.800,85.850,153.100,0.822,0.206,1,1,1
19107,0.000,0.000,-0.600,0.000,158.300,185.380,123.630,0.000,-48.500,0.000,56.800,90.710,153.100,0.822,-0.049,1,1,1
19307,0.000,0.000,-0.600,0.000,158.300,185.380,123.630,0.000,-48.500,0.000,56.800,90.710,153.000,0.823,0.030,1,1,1
19407,0.000,0.000,-0.600,0.000,158.300,170.880,123.900,0.000,-48.330,0.920,56.800,97.780,153.000,0.822,0.065,1,1,1
19507,0.000,0.000,-0.600,0.000,158.300,170.880,123.900,0.000,-48.330,0.920,56.800,97.780,153.000,0.823,0.153,1,1,1
19607,0.000,0.000,-0.600,0.000,158.300,161.280,123.900,0.000,-48.000,0.000,56.800,102.400,152.900,0.823,0.118,1,1,1
19807,0.000,0.000,-0.600,0.000,158.300,161.280,123.900,0.000,-48.000,0.000,56.800,102.400,152.900,0.824,-0.075,1,1,1
19907,0.000,0.000,-0.600,0.000,158.300,146.930,123.900,0.000,-47.830,0.000,56.800,109.260,152.300,0.830,-0.066,1,1,1
20007,0.000,0.000,-0.600,0.000,158.300,146.930,123.900,0.000,-47.830,0.000,56.800,109.260,152.100,0.830,0.048,1,1,1
20107,0.000,0.000,-0.600,0.000,158.300,137.380,123.900,0.000,-47.750,0.000,56.800,113.840,152.100,0.831,0.065,1,1,1
20307,0.000,0.000,-0.600,0.000,158.300,137.380,123.900,0.000,-47.750,0.000,56.800,113.840,152.100,0.833,0.091,1,1,1
20407,0.000,0.000,-0.600,0.000,158.300,123.130,123.900,0.000,-47.660,0.000,56.800,120.780,152.100,0.832,-0.005,1,1,1
20507,0.000,0.000,-0.600,0.000,158.300,123.130,123.900,0.000,-47.660,0.000,56.800,120.780,152.000,0.834,-0.119,1,1,1
20607,0.000,0.000,-0.600,0.000,158.300,113.680,123.900,0.000,-47.010,0.000,56.800,125.500,152.000,0.833,-0.022,1,1,1
20807,0.000,0.000,-0.600,0.000,158.300,113.680,123.900,0.000,-47.010,0.000,56.800,125.500,152.000,0.833,-0.005,1,1,1
20907,0.000,0.000,-0.600,0.000,158.300,99.630,123.930,0.000,-46.990,0.080,56.800,132.850,152.000,0.836,0.030,1,1,1
21007,0.000,0.000,-0.600,0.000,158.300,99.630,123.930,0.000,-46.990,0.080,56.800,132.850,152.000,0.838,-0.014,1,1,1
21107,0.000,0.000,-0.600,0.000,158.300,90.300,123.930,0.000,-46.630,0.000,56.800,138.070,151.900,0.840,0.004,1,1,1
21307,0.000,0.000,-0.600,0.000,158.300,90.300,123.930,0.000,-46.630,0.000,56.800,138.070,152.000,0.849,0.109,1,1,1
21407,0.000,0.000,-0.600,0.000,158.300,76.300,123.930,0.000,-46.670,0.000,56.800,146.780,151.900,0.851,0.030,1,1,1
21507,0.000,0.000,-0.600,0.000,158.300,76.300,123.930,0.000,-46.670,0.000,56.800,146.780,151.900,0.852,0.047,1,1,1
21607,0.000,0.000,-0.600,0.000,158.300,67.180,123.930,0.000,-45.400,0.000,56.800,153.480,151.900,0.852,-0.049,1,1,1
21807,0.000,0.000,-0.600,0.000,158.300,67.180,123.930,0.000,-45.400,0.000,56.800,153.480,151.900,0.853,-0.032,1,1,1
21907,0.000,0.000,0.600,0.000,158.300,53.600,123.930,0.000,-45.250,0.000,56.800,168.080,151.900,0.855,-0.050,1,1,1
22007,0.000,0.000,0.600,0.000,158.300,53.600,123.930,0.000,-45.250,0.000,56.800,168.080,151.900,0.870,0.964,1,1,1
22107,0.000,0.000,0.600,0.000,158.280,49.280,123.650,-0.130,-21.630,-1.380,56.800,180.000,152.100,0.867,0.723,1,1,1
22307,0.000,0.000,0.600,0.000,158.280,49.280,123.650,-0.130,-21.630,-1.380,56.800,180.000,151.800,0.873,0.389,1,1,1
22407,0.000,0.000,0.600,0.000,158.300,60.380,123.980,0.080,37.000,1.080,56.800,159.580,151.800,0.875,0.441,1,1,1
22507,0.000,0.000,0.600,0.000,158.300,60.380,123.980,0.080,37.000,1.080,56.800,159.580,151.800,0.874,0.152,1,1,1
22607,0.000,0.000,0.600,0.000,158.300,67.950,123.980,0.000,37.880,0.000,56.800,152.870,151.800,0.877,0.117,1,1,1
22807,0.000,0.000,0.600,0.000,158.300,67.950,123.980,0.000,37.880,0.000,56.800,152.870,151.800,0.895,0.029,1,1,1
22907,0.000,0.000,0.600,0.000,158.300,79.350,123.980,0.000,38.000,0.000,56.800,144.760,151.800,0.898,-0.181,1,1,1
23007,0.000,0.000,0.600,0.000,158.300,79.350,123.980,0.000,38.000,0.000,56.800,144.760,151.800,0.896,-0.120,1,1,1
23107,0.000,0.000,0.600,0.000,158.300,87.050,123.980,0.000,38.500,0.000,56.800,139.980,151.800,0.897,-0.137,1,1,1
23307,0.000,0.000,0.600,0.000,158.300,87.050,123.980,0.000,38.500,0.000,56.800,139.980,151.800,0.894,-0.050,1,1,1
23407,0.000,0.000,0.600,0.000,158.300,98.580,123.980,0.000,38.420,0.000,56.800,133.430,151.800,0.897,-0.058,1,1,1
23507,0.000,0.000,0.600,0.000,158.300,98.580,123.980,0.000,38.420,0.000,56.800,133.430,151.800,0.899,0.073,1,1,1
23607,0.000,0.000,0.600,0.000,158.300,106.250,123.980,0.000,38.380,0.000,56.800,129.330,151.800,0.901,-0.014,1,1,1
23807,0.000,0.000,0.600,0.000,158.300,106.250,123.980,0.000,38.380,0.000,56.800,129.330,151.800,0.902,0.020,1,1,1
23907,0.000,0.000,0.600,0.000,158.300,117.850,123.980,0.000,38.670,0.000,56.800,123.400,151.800,0.903,-0.146,1,1,1
24007,0.000,0.000,0.600,0.000,158.300,117.850,123.980,0.000,38.670,0.000,56.800,123.400,151.800,0.906,0.003,1,1,1
24107,0.000,0.000,0.600,0.000,158.300,125.500,123.980,0.000,38.250,0.000,56.800,119.610,151.800,0.906,-0.006,1,1,1
24307,0.000,0.000,0.600,0.000,158.300,125.500,123.980,0.000,38.250,0.000,56.800,119.610,151.800,0.888,-0.085,1,1,1
24407,0.000,0.000,0.600,0.000,158.300,137.180,123.980,0.000,38.920,0.000,56.800,113.940,151.800,0.891,-0.023,1,1,1
24507,0.000,0.000,0.600,0.000,158.300,137.180,123.980,0.000,38.920,0.000,56.800,113.940,151.800,0.891,-0.015,1,1,1
24607,0.000,0.000,0.600,0.000,158.300,144.950,123.980,0.000,38.880,0.000,56.800,110.210,151.800,0.892,0.099,1,1,1
24807,0.000,0.000,0.600,0.000,158.300,144.950,123.980,0.000,38.880,0.000,56.800,110.210,151.800,0.888,-0.050,1,1,1
24907,0.000,0.000,0.600,0.000,158.280,156.550,123.980,-0.080,38.670,0.000,56.800,104.660,151.900,0.890,-0.059,1,1,1
25007,0.000,0.000,0.600,0.000,158.280,156.550,123.980,-0.080,38.670,0.000,56.800,104.660,151.900,0.889,0.099,1,1,1
25107,0.000,0.000,0.600,0.000,158.280,164.330,123.980,0.000,38.880,0.000,56.800,100.940,151.900,0.888,0.012,1,1,1
25307,0.000,0.000,0.600,0.000,158.280,164.330,123.980,0.000,38.880,0.000,56.800,100.940,151.900,0.901,0.064,1,1,1
25407,0.000,0.000,0.600,0.000,158.280,175.930,123.980,0.000,38.670,0.000,56.800,95.340,151.900,0.901,0.099,1,1,1
25507,0.000,0.000,0.600,0.000,158.280,175.930,123.980,0.000,38.670,0.000,56.800,95.340,151.900,0.901,0.064,1,1,1
25607,0.000,0.000,0.600,0.000,158.280,183.700,123.980,0.000,38.880,0.000,56.800,91.540,151.900,0.903,-0.006,1,1,1
25807,0.000,0.000,0.600,0.000,158.280,183.700,123.980,0.000,38.880,0.000,56.800,91.540,151.900,0.913,0.073,1,1,1
25907,0.000,0.000,0.600,0.000,158.280,195.400,123.680,0.000,39.000,-1.000,56.800,85.690,151.900,0.913,-0.015,1,1,1
26007,0.000,0.000,0.600,0.000,158.280,195.400,123.680,0.000,39.000,-1.000,56.800,85.690,152.100,0.913,-0.032,1,1,1
26107,0.000,0.000,0.600,0.000,158.280,203.150,123.680,0.000,38.750,0.000,56.800,81.710,152.100,0.915,0.020,1,1,1
26307,0.000,0.000,0.600,0.000,158.280,203.150,123.680,0.000,38.750,0.000,56.800,81.710,152.100,0.913,-0.094,1,1,1
26407,0.000,0.000,0.600,0.000,158.280,214.780,123.800,0.000,38.750,0.420,56.800,75.510,152.100,0.913,0.029,1,1,1
26507,0.000,0.000,0.600,0.000,158.280,214.780,123.800,0.000,38.750,0.420,56.800,75.510,152.100,0.913,-0.015,1,1,1
26607,0.000,0.000,-0.600,0.000,158.280,222.480,123.800,0.000,38.500,0.000,56.800,71.230,152.300,0.912,0.125,1,1,1
26807,0.000,0.000,-0.600,0.000,158.280,222.480,123.800,0.000,38.500,0.000,56.800,71.230,152.300,0.842,-0.278,1,1,1
26907,0.000,0.000,-0.600,0.000,158.280,220.830,123.780,0.000,-5.500,-0.080,56.800,72.160,152.900,0.828,-0.289,1,1,1
27007,0.000,0.000,-0.600,0.000,158.280,220.830,123.780,0.000,-5.500,-0.080,56.800,72.160,152.900,0.835,0.467,1,1,1
27107,0.000,0.000,-0.600,0.000,158.280,210.900,123.800,0.000,-49.630,0.130,56.800,77.610,152.900,0.833,-0.103,1,1,1
27307,0.000,0.000,-0.600,0.000,158.280,210.900,123.800,0.000,-49.630,0.130,56.800,77.610,152.900,0.832,0.213,1,1,1
27407,0.000,0.000,-0.600,0.000,158.280,196.350,123.780,0.000,-48.500,-0.080,56.800,85.210,152.900,0.829,-0.050,1,1,1
27507,0.000,0.000,-0.600,0.000,158.280,196.350,123.780,0.000,-48.500,-0.080,56.800,85.210,152.900,0.829,0.344,1,1,1
27607,0.000,0.000,-0.600,0.000,158.280,186.680,123.780,0.000,-48.380,0.000,56.800,90.070,152.900,0.830,-0.025,1,1,1
27807,0.000,0.000,-0.600,0.000,158.280,186.680,123.780,0.000,-48.380,0.000,56.800,90.070,152.900,0.833,0.046,1,1,1
27907,0.000,0.000,-0.600,0.000,158.280,172.130,124.030,0.000,-48.500,0.830,56.800,97.180,152.900,0.831,0.090,1,1,1
28007,0.000,0.000,-0.600,0.000,158.280,172.130,124.030,0.000,-48.500,0.830,56.800,97.180,152.900,0.831,0.073,1,1,1
28107,0.000,0.000,-0.600,0.000,158.280,162.530,124.050,0.000,-48.000,0.130,56.800,101.800,152.900,0.832,-0.077,1,1,1
28307,0.000,0.000,-0.600,0.000,158.280,162.530,124.050,0.000,-48.000,0.130,56.800,101.800,152.900,0.835,-0.103,1,1,1
28407,0.000,0.000,-0.600,0.000,158.280,148.130,124.050,0.000,-48.000,0.000,56.800,108.690,152.400,0.838,0.090,1,1,1
28507,0.000,0.000,-0.600,0.000,158.280,148.130,124.050,0.000,-48.000,0.000,56.800,108.690,152.000,0.840,0.072,1,1,1
28607,0.000,0.000,-0.600,0.000,158.280,138.580,124.050,0.000,-47.750,0.000,56.800,113.260,151.800,0.841,-0.051,1,1,1
28807,0.000,0.000,-0.600,0.000,158.280,138.580,124.050,0.000,-47.750,0.000,56.800,113.260,151.700,0.839,0.020,1,1,1
28907,0.000,0.000,-0.600,0.000,158.280,124.330,124.050,0.000,-47.660,0.000,56.800,120.180,151.700,0.843,0.090,1,1,1
29007,0.000,0.000,-0.600,0.000,158.280,124.330,124.050,0.000,-47.660,0.000,56.800,120.180,151.700,0.845,-0.024,1,1,1
29107,0.000,0.000,-0.600,0.000,158.280,114.900,124.080,0.000,-46.890,0.120,56.800,124.880,151.700,0.845,-0.007,1,1,1
29307,0.000,0.000,-0.600,0.000,158.280,114.900,124.080,0.000,-46.890,0.120,56.800,124.880,151.700,0.849,0.046,1,1,1
29407,0.000,0.000,-0.600,0.000,158.280,100.830,124.080,0.000,-46.920,0.000,56.800,132.210,151.700,0.852,0.037,1,1,1
29507,0.000,0.000,-0.600,0.000,158.280,100.830,124.080,0.000,-46.920,0.000,56.800,132.210,151.700,0.855,0.010,1,1,1
29607,0.000,0.000,-0.600,0.000,158.280,91.530,124.080,0.000,-46.500,0.000,56.800,137.360,151.700,0.857,-0.042,1,1,1
29807,0.000,0.000,-0.600,0.000,158.280,91.530,124.080,0.000,-46.500,0.000,56.800,137.360,151.700,0.864,0.063,1,1,1
29907,0.000,0.000,-0.600,0.000,158.280,77.530,124.080,0.000,-46.670,0.000,56.800,145.950,151.700,0.866,0.054,1,1,1
30007,0.000,0.000,-0.600,0.000,158.280,77.530,124.080,0.000,-46.670,0.000,56.800,145.950,151.700,0.866,0.046,1,1,1
30107,0.000,0.000,-0.600,0.000,158.280,68.380,124.080,0.000,-45.750,0.000,56.800,152.530,151.700,0.868,0.107,1,1,1
30307,0.000,0.000,-0.600,0.000,158.280,68.380,124.080,0.000,-45.750,0.000,56.800,152.530,151.700,0.871,-0.025,1,1,1
30407,0.000,0.000,0.600,0.000,158.280,54.800,124.080,0.000,-45.250,0.000,56.800,166.220,151.700,0.872,-0.016,1,1,1
30507,0.000,0.000,0.600,0.000,158.280,54.800,124.080,0.000,-45.250,0.000,56.800,166.220,151.700,0.882,0.270,1,1,1
30607,0.000,0.000,0.600,0.000,158.280,50.300,123.850,0.000,-22.500,-1.130,56.800,176.570,152.000,0.882,0.222,1,1,1
30807,0.000,0.000,0.600,0.000,158.280,50.300,123.850,0.000,-22.500,-1.130,56.800,176.570,151.700,0.916,0.369,1,1,1
30907,0.000,0.000,0.600,0.000,158.280,61.400,124.130,0.000,37.000,0.920,56.800,158.570,151.700,0.918,0.361,1,1,1
31007,0.000,0.000,0.600,0.000,158.280,61.400,124.130,0.000,37.000,0.920,56.800,158.570,151.700,0.919,0.221,1,1,1
31107,0.000,0.000,0.600,0.000,158.280,68.950,124.130,0.000,37.750,0.000,56.800,152.080,151.700,0.920,0.098,1,1,1
31307,0.000,0.000,0.600,0.000,158.280,68.950,124.130,0.000,37.750,0.000,56.800,152.080,151.700,0.938,0.186,1,1,1
31407,0.000,0.000,0.600,0.000,158.280,80.380,124.130,0.000,38.080,0.000,56.800,144.100,151.700,0.938,0.212,1,1,1
31507,0.000,0.000,0.600,0.000,158.280,80.380,124.130,0.000,38.080,0.000,56.800,144.100,151.700,0.937,-0.086,1,1,1
31607,0.000,0.000,0.600,0.000,158.280,88.080,124.130,0.000,38.500,0.000,56.800,139.370,151.700,0.938,-0.016,1,1,1
31807,0.000,0.000,0.600,0.000,158.280,88.080,124.130,0.000,38.500,0.000,56.800,139.370,151.700,0.934,-0.016,1,1,1
31907,0.000,0.000,0.600,0.000,158.280,99.580,124.130,0.000,38.330,0.000,56.800,132.880,151.700,0.936,-0.183,1,1,1
32007,0.000,0.000,0.600,0.000,158.280,99.580,124.130,0.000,38.330,0.000,56.800,132.880,151.800,0.937,-0.191,1,1,1
32107,0.000,0.000,0.600,0.000,158.280,107.280,124.130,0.000,38.500,0.000,56.800,128.790,151.700,0.938,-0.034,1,1,1
32307,0.000,0.000,0.600,0.000,158.280,107.280,124.130,0.000,38.500,0.000,56.700,128.790,151.700,0.932,-0.104,1,1,1
32407,0.000,0.000,0.600,0.000,158.280,118.830,124.130,0.000,38.500,0.000,56.800,122.910,151.800,0.934,0.037,1,1,1
32507,0.000,0.000,0.600,0.000,158.280,118.830,124.130,0.000,38.500,0.000,56.700,122.910,151.800,0.938,0.124,1,1,1
32607,0.000,0.000,0.600,0.000,158.280,126.480,124.130,0.000,38.250,0.000,56.800,119.130,151.800,0.940,0.037,1,1,1
32807,0.000,0.000,0.600,0.000,158.280,126.480,124.130,0.000,38.250,0.000,56.800,119.130,151.800,0.959,0.177,1,1,1
32907,0.000,0.000,0.600,0.000,158.280,138.150,124.130,0.000,38.920,0.000,56.800,113.470,151.800,0.960,-0.130,1,1,1
33007,0.000,0.000,0.600,0.000,158.280,138.150,124.130,0.000,38.920,0.000,56.700,113.470,151.700,0.961,-0.025,1,1,1
33107,0.000,0.000,0.600,0.000,158.280,145.930,124.130,0.000,38.880,0.000,56.800,109.740,151.800,0.962,0.036,1,1,1
33307,0.000,0.000,0.600,0.000,158.280,145.930,124.130,0.000,38.880,0.000,56.800,109.740,151.800,0.959,-0.042,1,1,1
33407,0.000,0.000,0.600,0.000,158.280,157.500,124.130,0.000,38.580,0.000,56.800,104.210,151.800,0.958,0.010,1,1,1
33507,0.000,0.000,0.600,0.000,158.280,157.500,124.130,0.000,38.580,0.000,56.700,104.210,151.800,0.957,-0.060,1,1,1
33607,0.000,0.000,0.600,0.000,158.280,165.300,124.130,0.000,39.000,0.000,56.800,100.470,151.800,0.958,0.054,1,1,1
33807,0.000,0.000,0.600,0.000,158.280,165.300,124.130,0.000,39.000,0.000,56.800,100.470,151.900,0.953,-0.086,1,1,1
33907,0.000,0.000,0.600,0.000,158.250,176.850,124.130,-0.080,38.500,0.000,56.800,94.890,151.800,0.954,0.098,1,1,1
34007,0.000,0.000,0.600,0.000,158.250,176.850,124.130,-0.080,38.500,0.000,56.800,94.890,151.800,0.956,0.063,1,1,1
34107,0.000,0.000,0.600,0.000,158.250,184.680,124.030,0.000,39.130,-0.500,56.800,91.050,151.800,0.957,-0.069,1,1,1
34307,0.000,0.000,0.600,0.000,158.250,184.680,124.030,0.000,39.130,-0.500,56.800,91.050,151.800,0.960,-0.007,1,1,1
34407,0.000,0.000,0.600,0.000,158.250,196.400,123.830,0.000,39.080,-0.670,56.800,85.180,151.800,0.962,-0.043,1,1,1
34507,0.000,0.000,0.600,0.000,158.250,196.400,123.830,0.000,39.080,-0.670,56.800,85.180,151.900,0.963,-0.034,1,1,1
34607,0.000,0.000,0.600,0.000,158.250,204.130,123.830,0.000,38.630,0.000,56.800,81.200,151.900,0.965,-0.043,1,1,1
34807,0.000,0.000,0.600,0.000,158.250,204.130,123.830,0.000,38.630,0.000,56.800,81.200,151.900,0.964,-0.008,1,1,1
34907,0.000,0.000,0.600,0.000,158.250,215.800,123.950,0.000,38.920,0.420,56.800,74.950,151.900,0.966,0.019,1,1,1
35007,0.000,0.000,0.600,0.000,158.250,215.800,123.950,0.000,38.920,0.420,56.800,74.950,151.900,0.968,-0.034,1,1,1
35107,0.000,0.000,-0.600,0.000,158.250,223.430,123.980,0.000,38.130,0.130,56.800,70.690,151.900,0.970,0.098,1,1,1
35307,0.000,0.000,-0.600,0.000,158.250,223.430,123.980,0.000,38.130,0.130,56.700,70.690,151.900,0.974,0.080,1,1,1
35407,0.000,0.000,-0.600,0.000,158.250,221.980,123.900,0.000,-4.830,-0.250,56.800,71.510,152.800,0.959,-0.158,1,1,1
35507,0.000,0.000,-0.600,0.000,158.250,221.980,123.900,0.000,-4.830,-0.250,56.800,71.510,152.900,0.964,0.396,1,1,1
35607,0.000,0.000,-0.600,0.000,158.250,212.000,123.930,0.000,-49.880,0.130,56.800,77.020,152.900,0.965,-0.201,1,1,1
35807,0.000,0.000,-0.600,0.000,158.250,212.000,123.930,0.000,-49.880,0.130,56.700,77.020,152.900,0.968,0.027,1,1,1
35907,0.000,0.000,-0.600,0.000,158.250,197.480,123.900,0.000,-48.420,-0.080,56.800,84.630,152.900,0.966,0.150,1,1,1
36007,0.000,0.000,-0.600,0.000,158.250,197.480,123.900,0.000,-48.420,-0.080,56.800,84.630,152.900,0.965,0.316,1,1,1
36107,0.000,0.000,-0.600,0.000,158.250,187.730,123.900,0.000,-48.750,0.000,56.800,89.540,152.900,0.964,-0.078,1,1,1
36307,0.000,0.000,-0.600,0.000,158.250,187.730,123.900,0.000,-48.750,0.000,56.800,89.540,152.900,0.971,0.045,1,1,1
36407,0.000,0.000,-0.600,0.000,158.250,173.130,124.130,0.000,-48.670,0.750,56.800,96.700,152.800,0.971,0.142,1,1,1
36507,0.000,0.000,-0.600,0.000,158.250,173.130,124.130,0.000,-48.670,0.750,56.700,96.700,152.800,0.971,0.159,1,1,1
36607,0.000,0.000,-0.600,0.000,158.250,163.530,124.180,0.000,-48.000,0.250,56.800,101.320,152.800,0.972,0.159,1,1,1
36807,0.000,0.000,-0.600,0.000,158.250,163.530,124.180,0.000,-48.000,0.250,56.700,101.320,152.800,0.973,-0.025,1,1,1
36907,0.000,0.000,-0.600,0.000,158.250,149.180,124.180,0.000,-47.990,0.000,56.700,108.180,152.300,0.977,0.054,1,1,1
37007,0.000,0.000,-0.600,0.000,158.250,149.180,124.180,0.000,-47.990,0.000,56.700,108.180,151.800,0.978,0.071,1,1,1
37107,0.000,0.000,-0.600,0.000,158.250,139.600,124.180,0.000,-47.640,0.000,56.800,112.770,151.700,0.978,-0.069,1,1,1
37307,0.000,0.000,-0.600,0.000,158.250,139.600,124.180,0.000,-47.640,0.000,56.700,112.770,151.700,0.995,0.159,1,1,1
37407,0.000,0.000,-0.600,0.000,158.250,125.300,124.180,0.000,-47.830,0.000,56.700,119.710,151.700,0.994,-0.017,1,1,1
37507,0.000,0.000,-0.600,0.000,158.250,125.300,124.180,0.000,-47.830,0.000,56.800,119.710,151.600,0.997,-0.192,1,1,1
37607,0.000,0.000,-0.600,0.000,158.250,115.850,124.180,0.000,-47.010,0.000,56.700,124.410,151.600,0.999,-0.034,1,1,1
37807,0.000,0.000,-0.600,0.000,158.250,115.850,124.180,0.000,-47.010,0.000,56.700,124.410,151.600,1.007,0.071,1,1,1
37907,0.000,0.000,-0.600,0.000,158.250,101.750,124.200,0.000,-47.160,0.080,56.800,131.710,151.600,1.011,-0.051,1,1,1
38007,0.000,0.000,-0.600,0.000,158.250,101.750,124.200,0.000,-47.160,0.080,56.800,131.710,151.700,1.014,0.045,1,1,1
38107,0.000,0.000,-0.600,0.000,158.250,92.480,124.200,0.000,-46.140,0.000,56.700,136.820,151.600,1.015,0.053,1,1,1
38307,0.000,0.000,-0.600,0.000,158.250,92.480,124.200,0.000,-46.140,0.000,56.700,136.820,151.700,1.023,0.062,1,1,1
38407,0.000,0.000,-0.600,0.000,158.250,78.480,124.200,0.000,-46.670,0.000,56.800,145.330,151.600,1.025,0.115,1,1,1
38507,0.000,0.000,-0.600,0.000,158.250,78.480,124.200,0.000,-46.670,0.000,56.700,145.330,151.600,1.026,-0.087,1,1,1
38607,0.000,0.000,-0.600,0.000,158.250,69.330,124.200,0.000,-45.750,0.000,56.800,151.790,151.700,1.024,0.036,1,1,1
38807,0.000,0.000,-0.600,0.000,158.250,69.330,124.200,0.000,-45.750,0.000,56.800,151.790,151.700,1.038,0.124,1,1,1
38907,0.000,0.000,0.600,0.000,158.250,55.750,124.200,0.000,-45.250,0.000,56.700,164.890,151.700,1.038,-0.034,1,1,1
39007,0.000,0.000,0.600,0.000,158.250,55.750,124.200,0.000,-45.250,0.000,56.700,164.890,151.700,1.045,-0.003,1,1,1
39107,0.000,0.000,0.600,0.000,158.250,51.100,124.050,0.000,-23.250,-0.750,56.800,173.430,152.000,1.047,0.458,1,1,1
39307,0.000,0.000,0.600,0.000,158.250,51.100,124.050,0.000,-23.250,-0.750,56.800,173.430,151.700,1.113,0.650,1,1,1
39407,0.000,0.000,0.600,0.000,158.250,62.200,124.250,0.000,37.000,0.670,56.700,157.800,151.700,1.114,0.421,1,1,1
39507,0.000,0.000,0.600,0.000,158.250,62.200,124.250,0.000,37.000,0.670,56.700,157.800,151.700,1.113,0.299,1,1,1
39607,0.000,0.000,0.600,0.000,158.250,69.750,124.250,0.000,37.750,0.000,56.700,151.470,151.700,1.115,0.228,1,1,1
39807,0.000,0.000,0.600,0.000,158.250,69.750,124.250,0.000,37.750,0.000,56.700,151.470,151.700,1.125,0.097,1,1,1
39907,0.000,0.000,0.600,0.000,158.250,81.100,124.250,0.000,37.830,0.000,56.700,143.640,151.700,1.127,0.045,1,1,1
40007,0.000,0.000,0.600,0.000,158.250,81.100,124.250,0.000,37.830,0.000,56.700,143.640,151.700,1.126,0.124,1,1,1
40107,0.000,0.000,0.600,0.000,158.250,88.830,124.250,0.000,38.630,0.000,56.700,138.930,151.700,1.126,0.053,1,1,1
40307,0.000,0.000,0.600,0.000,158.250,88.830,124.250,0.000,38.630,0.000,56.700,138.930,151.700,1.132,0.045,1,1,1
40407,0.000,0.000,0.600,0.000,158.250,100.350,124.250,0.000,38.420,0.000,56.800,132.470,151.700,1.134,-0.122,1,1,1
40507,0.000,0.000,0.600,0.000,158.250,100.350,124.250,0.000,38.420,0.000,56.700,132.470,151.700,1.134,-0.105,1,1,1
40607,0.000,0.000,0.600,0.000,158.250,108.050,124.250,0.000,38.500,0.000,56.700,128.390,151.700,1.135,-0.017,1,1,1
40807,0.000,0.000,0.600,0.000,158.250,108.050,124.250,0.000,38.500,0.000,56.700,128.390,151.700,1.137,0.000,1,1,1
40907,0.000,0.000,0.600,0.000,158.250,119.580,124.250,0.000,38.420,0.000,56.700,122.540,151.700,1.140,-0.122,1,1,1
41007,0.000,0.000,0.600,0.000,158.250,119.580,124.250,0.000,38.420,0.000,56.700,122.540,151.700,1.141,0.105,1,1,1
41107,0.000,0.000,0.600,0.000,158.250,127.250,124.250,0.000,38.380,0.000,56.700,118.750,151.700,1.141,0.009,1,1,1
41307,0.000,0.000,0.600,0.000,158.250,127.250,124.250,0.000,38.380,0.000,56.800,118.750,151.700,1.146,0.053,1,1,1
41407,0.000,0.000,0.600,0.000,158.250,138.930,124.250,0.000,38.920,0.000,56.700,113.090,151.700,1.147,-0.035,1,1,1
41507,0.000,0.000,0.600,0.000,158.250,138.930,124.250,0.000,38.920,0.000,56.700,113.090,151.700,1.148,0.035,1,1,1
41607,0.000,0.000,0.600,0.000,158.250,146.700,124.250,0.000,38.880,0.000,56.700,109.370,151.700,1.149,-0.114,1,1,1
41807,0.000,0.000,0.600,0.000,158.250,146.700,124.250,0.000,38.880,0.000,56.700,109.370,152.900,1.159,0.071,1,1,1
41907,0.000,0.000,0.600,0.000,158.250,158.280,124.250,0.000,38.580,0.000,56.800,103.840,151.900,1.157,0.079,1,1,1
42007,0.000,0.000,0.600,0.000,158.250,158.280,124.250,0.000,38.580,0.000,56.700,103.840,151.800,1.156,0.071,1,1,1
42107,0.000,0.000,0.600,0.000,158.250,166.030,124.250,0.000,38.750,0.000,56.800,100.120,151.800,1.160,-0.017,1,1,1
42307,0.000,0.000,0.600,0.000,158.250,166.030,124.250,0.000,38.750,0.000,56.700,100.120,151.800,1.169,0.053,1,1,1
42407,0.000,0.000,0.600,0.000,158.250,177.650,124.250,0.000,38.750,0.000,56.700,94.500,151.800,1.168,0.105,1,1,1
42507,0.000,0.000,0.600,0.000,158.250,177.650,124.250,0.000,38.750,0.000,56.700,94.500,151.800,1.168,0.080,1,1,1
42607,0.000,0.000,0.600,0.000,158.250,185.450,124.130,0.000,39.000,-0.630,56.700,90.670,151.800,1.172,0.018,1,1,1
42807,0.000,0.000,0.600,0.000,158.250,185.450,124.130,0.000,39.000,-0.630,56.700,90.670,151.800,1.190,0.141,1,1,1
42907,0.000,0.000,0.600,0.000,158.230,197.180,123.950,-0.080,39.080,-0.580,56.700,84.780,151.800,1.191,0.044,1,1,1
43007,0.000,0.000,0.600,0.000,158.230,197.180,123.950,-0.080,39.080,-0.580,56.700,84.780,151.800,1.192,0.044,1,1,1
43107,0.000,0.000,0.600,0.000,158.230,204.900,123.950,0.000,38.630,0.000,56.800,80.790,151.800,1.193,0.027,1,1,1
43307,0.000,0.000,0.600,0.000,158.230,204.900,123.950,0.000,38.630,0.000,56.700,80.790,151.800,1.212,0.132,1,1,1
43407,0.000,0.000,0.600,0.000,158.230,216.580,124.080,0.000,38.920,0.420,56.700,74.520,152.000,1.213,0.018,1,1,1
43507,0.000,0.000,0.600,0.000,158.230,216.580,124.080,0.000,38.920,0.420,56.800,74.520,152.000,1.215,0.097,1,1,1
43607,0.000,0.000,-0.600,0.000,158.230,224.250,124.080,0.000,38.380,0.000,56.800,70.220,152.000,1.217,0.009,1,1,1
43807,0.000,0.000,-0.600,0.000,158.230,224.250,124.080,0.000,38.380,0.000,56.700,70.220,152.000,1.278,0.560,1,1,1
43907,0.000,0.000,-0.600,0.000,158.230,222.950,124.080,0.000,-4.330,0.000,56.700,70.960,152.700,1.261,-0.334,1,1,1
44007,0.000,0.000,-0.600,0.000,158.230,222.950,124.080,0.000,-4.330,0.000,56.700,70.960,152.800,1.263,0.272,1,1,1
44107,0.000,0.000,-0.600,0.000,158.230,213.000,124.100,0.000,-49.750,0.130,56.700,76.480,152.800,1.263,-0.062,1,1,1
44307,0.000,0.000,-0.600,0.000,158.230,213.000,124.100,0.000,-49.750,0.130,56.700,76.480,152.800,1.268,0.035,1,1,1
44407,0.000,0.000,-0.600,0.000,158.230,198.430,124.050,0.000,-48.580,-0.170,56.700,84.140,152.800,1.267,0.131,1,1,1
44507,0.000,0.000,-0.600,0.000,158.230,198.430,124.050,0.000,-48.580,-0.170,56.700,84.140,152.800,1.267,0.167,1,1,1
44607,0.000,0.000,-0.600,0.000,158.230,188.700,124.050,0.000,-48.630,0.000,56.700,89.060,152.900,1.268,0.044,1,1,1
44807,0.000,0.000,-0.600,0.000,158.230,188.700,124.050,0.000,-48.630,0.000,56.700,89.060,152.800,1.274,0.052,1,1,1
44907,0.000,0.000,-0.600,0.000,158.230,174.080,124.230,0.000,-48.750,0.580,56.700,96.240,152.800,1.275,-0.035,1,1,1
45007,0.000,0.000,-0.600,0.000,158.230,174.080,124.230,0.000,-48.750,0.580,56.700,96.240,152.800,1.276,0.070,1,1,1
45107,0.000,0.000,-0.600,0.000,158.230,164.480,124.330,0.000,-48.000,0.500,56.700,100.870,152.700,1.277,0.096,1,1,1
45307,0.000,0.000,-0.600,0.000,158.230,164.480,124.330,0.000,-48.000,0.500,56.700,100.870,152.700,1.287,0.061,1,1,1
45407,0.000,0.000,-0.600,0.000,158.230,150.130,124.330,0.000,-47.990,0.000,56.700,107.730,152.300,1.287,0.017,1,1,1
45507,0.000,0.000,-0.600,0.000,158.230,150.130,124.330,0.000,-47.990,0.000,56.700,107.730,151.700,1.292,0.035,1,1,1
45607,0.000,0.000,-0.600,0.000,158.230,140.550,124.330,0.000,-47.640,0.000,56.700,112.320,151.600,1.294,-0.053,1,1,1
45807,0.000,0.000,-0.600,0.000,158.230,140.550,124.330,0.000,-47.640,0.000,56.700,112.320,151.600,1.293,-0.026,1,1,1
45907,0.000,0.000,-0.600,0.000,158.230,126.200,124.330,0.000,-47.830,0.000,56.700,119.270,151.600,1.294,-0.035,1,1,1
46007,0.000,0.000,-0.600,0.000,158.230,126.200,124.330,0.000,-47.830,0.000,56.700,119.270,151.600,1.295,0.088,1,1,1
46107,0.000,0.000,-0.600,0.000,158.230,116.800,124.350,0.000,-47.000,0.130,56.700,123.930,151.600,1.297,0.053,1,1,1
46307,0.000,0.000,-0.600,0.000,158.230,116.800,124.350,0.000,-47.000,0.130,56.700,123.930,151.600,1.298,0.000,1,1,1
46407,0.000,0.000,-0.600,0.000,158.250,102.650,124.350,0.080,-47.170,0.000,56.700,131.230,151.600,1.302,0.167,1,1,1
46507,0.000,0.000,-0.600,0.000,158.250,102.650,124.350,0.080,-47.170,0.000,56.700,131.230,151.600,1.303,0.079,1,1,1
46607,0.000,0.000,-0.600,0.000,158.230,93.350,124.350,-0.130,-46.500,0.000,56.700,136.330,151.600,1.307,-0.105,1,1,1
46807,0.000,0.000,-0.600,0.000,158.230,93.350,124.350,-0.130,-46.500,0.000,56.700,136.330,151.600,1.308,0.009,1,1,1
46907,0.000,0.000,-0.600,0.000,158.230,79.350,124.350,0.000,-46.670,0.000,56.700,144.760,151.600,1.310,0.000,1,1,1
47007,0.000,0.000,-0.600,0.000,158.230,79.350,124.350,0.000,-46.670,0.000,56.700,144.760,151.600,1.311,0.044,1,1,1
47107,0.000,0.000,-0.600,0.000,158.230,70.250,124.350,0.000,-45.500,0.000,56.800,151.090,151.600,1.312,-0.105,1,1,1
47307,0.000,0.000,-0.600,0.000,158.230,70.250,124.350,0.000,-45.500,0.000,56.700,151.090,151.600,1.312,0.000,1,1,1
47407,0.000,0.000,0.800,0.000,158.230,57.000,124.350,0.000,-44.170,0.000,56.700,163.300,151.600,1.314,-0.035,1,1,1
47507,0.000,0.000,0.800,0.000,158.230,57.000,124.350,0.000,-44.170,0.000,56.700,163.300,151.600,1.327,0.298,1,1,1
47607,0.000,0.000,0.800,0.000,158.230,51.800,124.300,0.000,-26.000,-0.250,56.700,171.590,151.800,1.325,-0.247,1,1,1
47807,0.000,0.000,0.800,0.000,158.230,51.800,124.300,0.000,-26.000,-0.250,56.700,171.590,151.700,1.349,0.297,1,1,1
47907,0.000,0.000,0.800,0.000,158.230,66.200,124.450,0.000,48.000,0.500,56.700,154.280,151.700,1.352,0.263,1,1,1
48007,0.000,0.000,0.800,0.000,158.230,66.200,124.450,0.000,48.000,0.500,56.700,154.280,151.700,1.349,0.429,1,1,1
48107,0.000,0.000,0.800,0.000,158.230,76.330,124.450,0.000,50.630,0.000,56.700,146.760,151.700,1.350,0.140,1,1,1
48307,0.000,0.000,0.800,0.000,158.230,76.330,124.450,0.000,50.630,0.000,56.700,146.760,151.700,1.366,0.140,1,1,1
48407,0.000,0.000,0.800,0.000,158.230,91.830,124.450,0.000,51.670,0.000,56.700,137.190,151.700,1.355,-0.018,1,1,1
48507,0.000,0.000,0.800,0.000,158.230,91.830,124.450,0.000,51.670,0.000,56.700,137.190,151.700,1.334,-0.342,1,1,1
48607,0.000,0.000,0.800,0.000,158.230,102.100,124.450,0.000,51.380,0.000,56.700,131.530,151.700,1.308,-0.334,1,1,1
48807,0.000,0.000,0.800,0.000,158.230,102.100,124.450,0.000,51.380,0.000,56.700,131.530,151.700,1.198,-0.711,1,1,1
48907,0.000,0.000,0.800,0.000,158.230,117.830,124.450,0.000,52.420,0.000,56.700,123.410,151.700,1.102,-1.273,1,1,1
49007,0.000,0.000,0.800,0.000,158.230,117.830,124.450,0.000,52.420,0.000,56.700,123.410,151.700,0.961,-1.807,1,1,1
49107,0.000,0.000,0.800,0.000,158.230,128.300,124.450,0.000,52.380,0.000,56.700,118.240,151.700,0.789,-1.465,1,1,1
49307,0.000,0.000,0.800,0.000,158.230,128.300,124.450,0.000,52.380,0.000,56.700,118.240,151.700,0.776,0.201,1,1,1
49407,0.000,0.000,0.800,0.000,158.230,144.400,124.450,0.000,53.670,0.000,56.700,110.470,151.700,0.743,-0.693,1,1,1
49507,0.000,0.000,0.800,0.000,158.230,144.400,124.450,0.000,53.670,0.000,56.700,110.470,151.700,0.725,0.368,1,1,1
49607,0.000,0.000,0.800,0.000,158.230,155.130,124.430,0.000,53.630,-0.130,56.700,105.340,151.800,0.756,0.219,1,1,1
49807,0.000,0.000,0.800,0.000,158.230,155.130,124.430,0.000,53.630,-0.130,56.700,105.340,151.700,0.742,-0.115,1,1,1
49907,0.000,0.000,0.800,0.000,158.230,170.130,124.430,0.000,50.000,0.000,56.700,98.150,151.700,0.746,0.140,1,1,1
50007,0.000,0.000,0.800,0.000,158.230,170.130,124.430,0.000,50.000,0.000,56.700,98.150,151.700,0.761,0.043,1,1,1
50107,0.000,0.000,0.800,0.000,158.230,180.750,124.400,0.000,53.130,-0.130,56.700,92.990,151.700,0.759,0.061,1,1,1
50307,0.000,0.000,0.800,0.000,158.230,180.750,124.400,0.000,53.130,-0.130,56.700,92.990,151.700,0.781,0.122,1,1,1
50407,0.000,0.000,0.800,0.000,158.230,196.600,124.130,0.000,52.830,-0.920,56.700,85.080,151.700,0.774,-0.211,1,1,1
50507,0.000,0.000,0.800,0.000,158.230,196.600,124.130,0.000,52.830,-0.920,56.700,85.080,151.700,0.779,0.280,1,1,1
50607,0.000,0.000,0.800,0.000,158.230,207.050,124.130,0.000,52.250,0.000,56.700,79.660,151.700,0.802,0.237,1,1,1
50807,0.000,0.000,0.800,0.000,158.230,207.050,124.130,0.000,52.250,0.000,56.700,79.660,151.700,0.808,0.000,1,1,1
50907,0.000,0.000,-0.800,0.000,158.230,222.680,124.250,0.000,52.080,0.420,56.700,71.110,151.800,0.812,0.026,1,1,1
51007,0.000,0.000,-0.800,0.000,158.230,222.680,124.250,0.000,52.080,0.420,56.700,71.110,151.800,0.810,0.254,1,1,1
51107,0.000,0.000,-0.800,0.000,158.230,229.080,124.330,0.000,32.000,0.380,56.700,67.410,153.400,0.824,-0.711,1,1,1
51307,0.000,0.000,-0.800,0.000,158.230,229.080,124.330,0.000,32.000,0.380,56.700,67.410,152.500,0.809,-0.220,1,1,1
51407,0.000,0.000,-0.800,0.000,158.230,210.180,124.230,0.000,-63.000,-0.330,56.700,78.000,152.900,0.814,0.069,1,1,1
51507,0.000,0.000,-0.800,0.000,158.230,210.180,124.230,0.000,-63.000,-0.330,56.700,78.000,152.800,0.810,0.193,1,1,1
51607,0.000,0.000,-0.800,0.000,158.230,197.150,124.230,0.000,-65.130,0.000,56.700,84.800,152.800,0.820,0.175,1,1,1
51807,0.000,0.000,-0.800,0.000,158.230,197.150,124.230,0.000,-65.130,0.000,56.700,84.800,152.900,0.838,0.166,1,1,1
51907,0.000,0.000,-0.800,0.000,158.230,177.580,124.330,0.000,-65.250,0.330,56.700,94.540,152.900,0.843,0.113,1,1,1
52007,0.000,0.000,-0.800,0.000,158.230,177.580,124.330,0.000,-65.250,0.330,56.700,94.540,152.800,0.840,0.096,1,1,1
52107,0.000,0.000,-0.800,0.000,158.230,164.700,124.480,0.000,-64.380,0.750,56.700,100.760,152.800,0.834,-0.027,1,1,1
52307,0.000,0.000,-0.800,0.000,158.230,164.700,124.480,0.000,-64.380,0.750,56.700,100.760,152.800,0.844,0.078,1,1,1
52407,0.000,0.000,-0.800,0.000,158.230,145.400,124.480,0.000,-64.330,0.000,56.700,109.990,152.800,0.857,0.026,1,1,1
52507,0.000,0.000,-0.800,0.000,158.230,145.400,124.480,0.000,-64.330,0.000,56.700,109.990,152.800,0.855,-0.001,1,1,1
52607,0.000,0.000,-0.800,0.000,158.230,132.530,124.500,0.000,-64.380,0.130,56.700,116.180,152.800,0.853,0.052,1,1,1
52807,0.000,0.000,-0.800,0.000,158.230,132.530,124.500,0.000,-64.380,0.130,56.700,116.180,152.800,0.870,0.104,1,1,1
52907,0.000,0.000,-0.800,0.000,158.230,113.500,124.500,0.000,-63.420,0.000,56.700,125.590,152.800,0.867,-0.071,1,1,1
53007,0.000,0.000,-0.800,0.000,158.230,113.500,124.500,0.000,-63.420,0.000,56.700,125.590,152.800,0.869,0.131,1,1,1
53107,0.000,0.000,-0.800,0.000,158.230,100.850,124.500,0.000,-63.250,0.000,56.700,132.200,152.800,0.872,-0.028,1,1,1
53307,0.000,0.000,-0.800,0.000,158.230,100.850,124.500,0.000,-63.250,0.000,56.700,132.200,152.800,0.864,-0.088,1,1,1
53407,0.000,0.000,-0.800,0.000,158.230,82.030,124.500,0.000,-62.750,0.000,56.700,143.050,152.800,0.867,-0.010,1,1,1
53507,0.000,0.000,-0.800,0.000,158.230,82.030,124.500,0.000,-62.750,0.000,56.700,143.050,152.800,0.868,0.017,1,1,1
53607,0.000,0.000,-0.800,0.000,158.230,69.600,124.500,0.000,-62.130,0.000,56.700,151.580,152.800,0.869,0.043,1,1,1
53807,0.000,0.000,-0.800,0.000,158.230,69.600,124.500,0.000,-62.130,0.000,56.700,151.580,152.800,0.879,0.069,1,1,1
53907,0.000,0.000,0.800,0.000,158.230,51.400,124.530,0.000,-60.870,0.080,56.700,172.590,152.800,0.881,0.043,1,1,1
54007,0.000,0.000,0.800,0.000,158.230,51.400,124.530,0.000,-60.870,0.080,56.700,172.590,152.800,0.899,-0.212,1,1,1
54107,0.000,0.000,0.800,0.000,158.200,44.850,124.650,-0.120,-32.590,0.620,56.800,180.000,151.800,0.872,2.602,1,1,1
54307,0.000,0.000,0.800,0.000,158.200,44.850,124.650,-0.120,-32.590,0.620,56.700,180.000,151.700,0.928,0.615,1,1,1
54407,0.000,0.000,0.800,0.000,158.200,58.450,124.750,0.000,45.480,0.330,56.700,161.620,151.700,0.925,-0.203,1,1,1
54507,0.000,0.000,0.800,0.000,158.200,58.450,124.750,0.000,45.480,0.330,56.700,161.620,151.700,0.930,-0.114,1,1,1
54607,0.000,0.000,0.800,0.000,158.200,68.700,124.750,0.000,51.000,0.000,56.700,152.280,151.700,0.922,0.079,1,1,1
54807,0.000,0.000,0.800,0.000,158.200,68.700,124.750,0.000,51.000,0.000,56.700,152.280,151.700,0.942,-0.018,1,1,1
54907,0.000,0.000,0.800,0.000,158.200,84.150,124.750,0.000,51.500,0.000,56.700,141.730,151.700,0.939,-0.123,1,1,1
55007,0.000,0.000,0.800,0.000,158.200,84.150,124.750,0.000,51.500,0.000,56.700,141.730,151.700,0.936,-0.062,1,1,1
55107,0.000,0.000,0.800,0.000,158.200,94.550,124.750,0.000,52.000,0.000,56.800,135.650,151.700,0.940,0.218,1,1,1
55307,0.000,0.000,0.800,0.000,158.200,94.550,124.750,0.000,52.000,0.000,56.700,135.650,151.700,0.941,-0.001,1,1,1
55407,0.000,0.000,0.800,0.000,158.200,110.080,124.750,0.000,51.750,0.000,56.700,127.340,151.700,0.942,0.051,1,1,1
55507,0.000,0.000,0.800,0.000,158.200,110.080,124.750,0.000,51.750,0.000,56.700,127.340,151.700,0.946,0.148,1,1,1
55607,0.000,0.000,0.800,0.000,158.200,120.430,124.750,0.000,51.750,0.000,56.700,122.110,151.700,0.950,0.104,1,1,1
55807,0.000,0.000,0.800,0.000,158.200,120.430,124.750,0.000,51.750,0.000,56.700,122.110,151.700,0.952,0.043,1,1,1
55907,0.000,0.000,0.800,0.000,158.200,136.080,124.750,0.000,52.170,0.000,56.700,114.470,151.700,0.956,0.043,1,1,1
56007,0.000,0.000,0.800,0.000,158.200,136.080,124.750,0.000,52.170,0.000,56.700,114.470,151.700,0.958,-0.018,1,1,1
56107,0.000,0.000,0.800,0.000,158.200,146.550,124.750,0.000,52.380,0.000,56.800,109.440,151.700,0.955,-0.019,1,1,1
56307,0.000,0.000,0.800,0.000,158.200,146.550,124.750,0.000,52.380,0.000,56.700,109.440,151.700,0.950,-0.036,1,1,1
56407,0.000,0.000,0.800,0.000,158.200,162.230,124.750,0.000,52.250,0.000,56.700,101.940,151.800,0.951,-0.010,1,1,1
56507,0.000,0.000,0.800,0.000,158.200,162.230,124.750,0.000,52.250,0.000,56.700,101.940,151.800,0.957,-0.001,1,1,1
56607,0.000,0.000,0.800,0.000,158.200,172.630,124.750,0.000,52.000,0.000,56.700,96.940,151.700,0.958,-0.063,1,1,1
56807,0.000,0.000,0.800,0.000,158.200,172.630,124.750,0.000,52.000,0.000,56.700,96.940,151.800,0.955,0.060,1,1,1
56907,0.000,0.000,0.800,0.000,158.200,188.380,124.580,0.000,52.500,-0.580,56.700,89.220,151.700,0.956,0.034,1,1,1
57007,0.000,0.000,0.800,0.000,158.200,188.380,124.580,0.000,52.500,-0.580,56.700,89.220,151.800,0.960,-0.010,1,1,1
57107,0.000,0.000,0.800,0.000,158.200,198.880,124.430,0.000,52.500,-0.750,56.700,83.910,151.700,0.959,-0.036,1,1,1
57307,0.000,0.000,0.800,0.000,158.200,198.880,124.430,0.000,52.500,-0.750,56.700,83.910,151.800,0.961,0.043,1,1,1
57407,0.000,0.000,0.800,0.000,158.200,214.550,124.580,0.000,52.250,0.500,56.700,75.640,151.900,0.963,0.008,1,1,1
57507,0.000,0.000,0.800,0.000,158.200,214.550,124.580,0.000,52.250,0.500,56.700,75.640,151.900,0.965,-0.010,1,1,1
57607,0.000,0.000,-0.800,0.000,158.200,224.930,124.580,0.000,51.880,0.000,56.700,69.830,151.900,0.964,0.016,1,1,1
57807,0.000,0.000,-0.800,0.000,158.200,224.930,124.580,0.000,51.880,0.000,56.700,69.830,151.900,1.075,-1.159,1,1,1
57907,0.000,0.000,-0.800,0.000,158.200,225.400,124.830,0.000,1.580,0.830,56.700,69.560,152.400,1.069,-1.078,1,1,1
58007,0.000,0.000,-0.800,0.000,158.200,225.400,124.830,0.000,1.580,0.830,56.700,69.560,152.900,1.062,0.463,1,1,1
58107,0.000,0.000,-0.800,0.000,158.200,212.130,124.530,0.000,-66.380,-1.500,56.700,76.950,152.900,1.065,0.086,1,1,1
58307,0.000,0.000,-0.800,0.000,158.200,212.130,124.530,0.000,-66.380,-1.500,56.700,76.950,152.900,1.066,0.279,1,1,1
58407,0.000,0.000,-0.800,0.000,158.200,192.580,124.480,0.000,-65.170,-0.170,56.700,87.110,152.900,1.060,-0.142,1,1,1
58507,0.000,0.000,-0.800,0.000,158.200,192.580,124.480,0.000,-65.170,-0.170,56.700,87.110,152.900,1.060,0.209,1,1,1
58607,0.000,0.000,-0.800,0.000,158.200,179.480,124.550,0.000,-65.500,0.380,56.700,93.610,152.900,1.066,0.052,1,1,1
58807,0.000,0.000,-0.800,0.000,158.200,179.480,124.550,0.000,-65.500,0.380,56.700,93.610,152.900,1.064,-0.036,1,1,1
58907,0.000,0.000,-0.800,0.000,158.200,160.100,124.780,0.000,-64.580,0.750,56.700,102.960,152.900,1.065,0.130,1,1,1
59007,0.000,0.000,-0.800,0.000,158.200,160.100,124.780,0.000,-64.580,0.750,56.700,102.960,152.900,1.067,-0.028,1,1,1
59107,0.000,0.000,-0.800,0.000,158.200,147.250,124.780,0.000,-64.250,0.000,56.700,109.110,152.900,1.073,0.139,1,1,1
59307,0.000,0.000,-0.800,0.000,158.200,147.250,124.780,0.000,-64.250,0.000,56.700,109.110,152.900,1.081,0.016,1,1,1
59407,0.000,0.000,-0.800,0.000,158.200,128.000,124.780,0.000,-64.170,0.000,56.700,118.390,152.900,1.084,0.087,1,1,1
59507,0.000,0.000,-0.800,0.000,158.200,128.000,124.780,0.000,-64.170,0.000,56.700,118.390,152.900,1.084,0.016,1,1,1
59607,0.000,0.000,-0.800,0.000,158.200,115.350,124.780,0.000,-63.250,0.000,56.700,124.660,152.800,1.084,-0.054,1,1,1
59807,0.000,0.000,-0.800,0.000,158.200,115.350,124.780,0.000,-63.250,0.000,56.700,124.660,152.900,1.082,0.042,1,1,1
59907,0.000,0.000,-0.800,0.000,158.200,96.430,124.800,0.000,-63.080,0.080,56.700,134.610,152.900,1.083,0.016,1,1,1
60007,0.000,0.000,-0.800,0.000,158.200,96.430,124.800,0.000,-63.080,0.080,56.700,134.610,152.800,1.084,0.121,1,1,1
60107,0.000,0.000,-0.800,0.000,158.200,83.850,124.800,0.000,-62.880,0.000,56.700,141.920,152.800,1.088,-0.001,1,1,1
60307,0.000,0.000,-0.800,0.000,158.200,83.850,124.800,0.000,-62.880,0.000,56.700,141.920,152.800,1.090,0.051,1,1,1
60407,0.000,0.000,-0.800,0.000,158.200,65.280,124.800,0.000,-61.920,0.000,56.700,155.060,152.900,1.091,-0.080,1,1,1
60507,0.000,0.000,-0.800,0.000,158.200,65.280,124.800,0.000,-61.920,0.000,56.700,155.060,152.800,1.094,-0.045,1,1,1
60607,0.000,0.000,0.800,0.000,158.200,53.150,124.800,0.000,-60.630,0.000,56.700,168.860,152.800,1.094,-0.098,1,1,1
60807,0.000,0.000,0.800,0.000,158.200,53.150,124.800,0.000,-60.630,0.000,56.700,168.860,152.800,1.017,0.563,1,1,1
60907,0.000,0.000,0.800,0.000,158.200,49.600,124.950,0.000,-11.830,0.500,56.700,180.000,151.600,1.032,0.736,1,1,1
61007,0.000,0.000,0.800,0.000,158.200,49.600,124.950,0.000,-11.830,0.500,56.700,180.000,151.600,1.036,-0.203,1,1,1
61107,0.000,0.000,0.800,0.000,158.200,59.680,124.950,0.000,50.380,0.000,56.700,160.300,151.600,1.038,0.007,1,1,1
61307,0.000,0.000,0.800,0.000,158.200,59.680,124.950,0.000,50.380,0.000,56.700,160.300,151.600,1.055,0.086,1,1,1
61407,0.000,0.000,0.800,0.000,158.200,75.000,124.950,0.000,51.080,0.000,56.700,147.670,151.600,1.063,0.349,1,1,1
61507,0.000,0.000,0.800,0.000,158.200,75.000,124.950,0.000,51.080,0.000,56.700,147.670,151.600,1.066,0.182,1,1,1
61607,0.000,0.000,0.800,0.000,158.200,85.350,124.950,0.000,51.750,0.000,56.700,141.000,151.600,1.065,-0.002,1,1,1
61807,0.000,0.000,0.800,0.000,158.200,85.350,124.950,0.000,51.750,0.000,56.700,141.000,151.600,1.067,0.183,1,1,1
61907,0.000,0.000,0.800,0.000,158.200,100.880,124.950,0.000,51.750,0.000,56.700,132.180,151.600,1.070,-0.019,1,1,1
62007,0.000,0.000,0.800,0.000,158.200,100.880,124.950,0.000,51.750,0.000,56.700,132.180,151.600,1.068,0.007,1,1,1
62107,0.000,0.000,0.800,0.000,158.200,111.200,124.950,0.000,51.880,0.000,56.700,126.770,151.600,1.070,0.218,1,1,1
62307,0.000,0.000,0.800,0.000,158.200,111.200,124.950,0.000,51.880,0.000,56.700,126.770,151.600,1.059,-0.089,1,1,1
62407,0.000,0.000,0.800,0.000,158.200,126.750,124.950,0.000,51.830,0.000,56.700,119.000,151.700,1.059,0.148,1,1,1
62507,0.000,0.000,0.800,0.000,158.200,126.750,124.950,0.000,51.830,0.000,56.700,119.000,151.600,1.062,0.034,1,1,1
62607,0.000,0.000,0.800,0.000,158.200,137.330,124.950,0.000,52.610,0.000,56.700,113.860,151.600,1.062,-0.124,1,1,1
62807,0.000,0.000,0.800,0.000,158.200,137.330,124.950,0.000,52.610,0.000,56.700,113.860,151.700,1.062,0.051,1,1,1
62907,0.000,0.000,0.800,0.000,158.200,152.950,124.950,0.000,52.260,0.000,56.700,106.380,152.000,1.066,0.069,1,1,1
63007,0.000,0.000,0.800,0.000,158.200,152.950,124.950,0.000,52.260,0.000,56.700,106.380,151.700,1.066,0.016,1,1,1
63107,0.000,0.000,0.800,0.000,158.180,163.430,124.950,-0.130,52.380,0.000,56.700,101.370,151.700,1.068,-0.028,1,1,1
63307,0.000,0.000,0.800,0.000,158.180,163.430,124.950,-0.130,52.380,0.000,56.700,101.370,151.700,1.065,-0.098,1,1,1
63407,0.000,0.000,0.800,0.000,158.180,179.100,124.930,0.000,52.080,-0.080,56.700,93.790,151.700,1.065,0.025,1,1,1
63507,0.000,0.000,0.800,0.000,158.180,179.100,124.930,0.000,52.080,-0.080,56.700,93.790,151.700,1.068,-0.054,1,1,1
63607,0.000,0.000,0.800,0.000,158.180,189.650,124.700,0.000,52.750,-1.130,56.700,88.580,151.700,1.072,0.034,1,1,1
63807,0.000,0.000,0.800,0.000,158.180,189.650,124.700,0.000,52.750,-1.130,56.700,88.580,151.700,1.074,0.034,1,1,1
63907,0.000,0.000,0.800,0.000,158.180,205.350,124.650,0.000,52.330,-0.170,56.700,80.560,151.700,1.074,-0.124,1,1,1
64007,0.000,0.000,0.800,0.000,158.180,205.350,124.650,0.000,52.330,-0.170,56.700,80.560,151.700,1.077,0.060,1,1,1
64107,0.000,0.000,0.800,0.000,158.180,215.850,124.750,0.000,52.500,0.500,56.700,74.930,151.900,1.078,-0.019,1,1,1
64307,0.000,0.000,0.800,0.000,158.180,215.850,124.750,0.000,52.500,0.500,56.700,74.930,151.900,1.083,0.025,1,1,1
64407,0.000,0.000,-0.800,0.000,158.180,231.450,124.780,0.000,52.000,0.080,56.700,66.000,151.900,1.085,-0.054,1,1,1
64507,0.000,0.000,-0.800,0.000,158.180,231.450,124.780,0.000,52.000,0.080,56.700,66.000,151.900,1.084,0.332,1,1,1
64607,0.000,0.000,-0.800,0.000,158.180,237.700,124.780,0.000,31.250,0.000,56.700,62.170,153.200,1.100,-0.039,1,1,1
64807,0.000,0.000,-0.800,0.000,158.180,237.700,124.780,0.000,31.250,0.000,56.700,62.170,151.800,1.122,0.279,1,1,1
64907,0.000,0.000,-0.800,0.000,158.180,218.300,124.780,0.000,-64.670,0.000,56.700,73.570,152.600,1.132,0.340,1,1,1
65007,0.000,0.000,-0.800,0.000,158.180,218.300,124.780,0.000,-64.670,0.000,56.700,73.570,152.600,1.127,0.130,1,1,1
65107,0.000,0.000,-0.800,0.000,158.180,205.080,124.800,0.000,-66.130,0.130,56.700,80.700,152.600,1.137,0.279,1,1,1
65307,0.000,0.000,-0.800,0.000,158.180,205.080,124.800,0.000,-66.130,0.130,56.700,80.700,152.600,1.152,0.112,1,1,1
65407,0.000,0.000,-0.800,0.000,158.180,185.530,124.680,0.000,-65.170,-0.420,56.700,90.640,152.600,1.156,0.227,1,1,1
65507,0.000,0.000,-0.800,0.000,158.180,185.530,124.680,0.000,-65.170,-0.420,56.700,90.640,152.600,1.160,0.042,1,1,1
65607,0.000,0.000,-0.800,0.000,158.180,172.500,124.930,0.000,-65.130,1.250,56.700,97.000,152.500,1.161,0.042,1,1,1
65807,0.000,0.000,-0.800,0.000,158.180,172.500,124.930,0.000,-65.130,1.250,56.700,97.000,152.500,1.168,0.025,1,1,1
65907,0.000,0.000,-0.800,0.000,158.180,153.200,124.950,0.000,-64.330,0.080,56.700,106.260,152.500,1.172,0.069,1,1,1
66007,0.000,0.000,-0.800,0.000,158.180,153.200,124.950,0.000,-64.330,0.080,56.700,106.260,152.500,1.174,0.148,1,1,1
66107,0.000,0.000,-0.800,0.000,158.180,140.400,124.980,0.000,-64.000,0.130,56.800,112.390,213.700,1.175,-0.089,1,1,1
66307,0.000,0.000,-0.800,0.000,158.180,140.400,124.980,0.000,-64.000,0.130,56.700,112.390,152.500,1.184,0.068,1,1,1
66407,0.000,0.000,-0.800,0.000,158.180,121.230,124.980,0.000,-63.920,0.000,56.700,121.720,152.500,1.186,0.042,1,1,1
66507,0.000,0.000,-0.800,0.000,158.180,121.230,124.980,0.000,-63.920,0.000,56.700,121.720,152.500,1.186,0.060,1,1,1
66607,0.000,0.000,-0.800,0.000,158.180,108.580,124.980,0.000,-63.250,0.000,56.700,128.120,152.500,1.186,0.078,1,1,1
66807,0.000,0.000,-0.800,0.000,158.180,108.580,124.980,0.000,-63.250,0.000,56.700,128.120,152.500,1.177,-0.124,1,1,1
66907,0.000,0.000,-0.800,0.000,158.180,89.730,125.000,0.000,-62.830,0.080,56.800,138.400,152.500,1.178,0.051,1,1,1
67007,0.000,0.000,-0.800,0.000,158.180,89.730,125.000,0.000,-62.830,0.080,56.700,138.400,152.500,1.179,0.043,1,1,1
67107,0.000,0.000,-0.800,0.000,158.180,77.150,125.000,0.000,-62.880,0.000,56.800,146.210,152.500,1.181,-0.054,1,1,1
67307,0.000,0.000,-0.800,0.000,158.180,77.150,125.000,0.000,-62.880,0.000,56.700,146.210,152.500,1.191,0.069,1,1,1
67407,0.000,0.000,0.800,0.000,158.180,58.730,125.000,0.000,-61.420,0.000,56.700,161.310,152.500,1.194,0.077,1,1,1
67507,0.000,0.000,0.800,0.000,158.180,58.730,125.000,0.000,-61.420,0.000,56.700,161.310,152.500,1.199,0.331,1,1,1
67607,0.000,0.000,0.800,0.000,158.180,51.230,125.030,0.000,-37.500,0.130,56.700,173.060,151.600,1.185,1.115,1,1,1
67807,0.000,0.000,0.800,0.000,158.180,51.230,125.030,0.000,-37.500,0.130,56.700,173.060,151.400,1.195,0.024,1,1,1
67907,0.000,0.000,0.800,0.000,158.180,65.530,125.100,0.000,47.670,0.250,56.700,154.840,151.400,1.195,0.349,1,1,1
68007,0.000,0.000,0.800,0.000,158.180,65.530,125.100,0.000,47.670,0.250,56.700,154.840,151.400,1.197,0.331,1,1,1
68107,0.000,0.000,0.800,0.000,158.180,75.730,125.100,0.000,51.000,0.000,56.700,147.170,151.400,1.201,0.252,1,1,1
68307,0.000,0.000,0.800,0.000,158.180,75.730,125.100,0.000,51.000,0.000,56.700,147.170,151.400,1.219,0.130,1,1,1
68407,0.000,0.000,0.800,0.000,158.180,91.300,125.100,0.000,51.920,0.000,56.700,137.500,151.400,1.220,0.156,1,1,1
68507,0.000,0.000,0.800,0.000,158.180,91.300,125.100,0.000,51.920,0.000,56.700,137.500,151.400,1.222,0.033,1,1,1
68607,0.000,0.000,0.800,0.000,158.180,101.630,125.100,0.000,51.630,0.000,56.700,131.780,151.400,1.225,-0.054,1,1,1
68807,0.000,0.000,0.800,0.000,158.180,101.630,125.100,0.000,51.630,0.000,56.700,131.780,151.400,1.219,-0.028,1,1,1
68907,0.000,0.000,0.800,0.000,158.180,117.250,125.100,0.000,52.080,0.000,56.700,123.700,151.500,1.218,-0.063,1,1,1
69007,0.000,0.000,0.800,0.000,158.180,117.250,125.100,0.000,52.080,0.000,56.700,123.700,151.500,1.217,-0.116,1,1,1
69107,0.000,0.000,0.800,0.000,158.180,127.600,125.100,0.000,51.750,0.000,56.700,118.580,151.500,1.219,-0.010,1,1,1
69307,0.000,0.000,0.800,0.000,158.180,127.600,125.100,0.000,51.750,0.000,56.700,118.580,151.500,1.209,-0.107,1,1,1
69407,0.000,0.000,0.800,0.000,158.180,143.380,125.100,0.000,52.580,0.000,56.700,110.960,151.500,1.210,-0.054,1,1,1
69507,0.000,0.000,0.800,0.000,158.180,143.380,125.100,0.000,52.580,0.000,56.700,110.960,151.500,1.214,-0.002,1,1,1
69607,0.000,0.000,0.800,0.000,158.180,153.830,125.100,0.000,52.250,0.000,56.700,105.960,151.800,1.218,0.016,1,1,1
69807,0.000,0.000,0.800,0.000,158.180,153.830,125.100,0.000,52.250,0.000,56.800,105.960,151.500,1.221,0.051,1,1,1
69907,0.000,0.000,0.800,0.000,158.180,169.550,125.100,0.000,52.420,0.000,56.700,98.430,151.500,1.224,0.069,1,1,1
70007,0.000,0.000,0.800,0.000,158.180,169.550,125.100,0.000,52.420,0.000,56.700,98.430,151.500,1.226,-0.010,1,1,1
70107,0.000,0.000,0.800,0.000,158.180,180.030,125.080,0.000,52.380,-0.130,56.700,93.340,151.500,1.226,-0.037,1,1,1
70307,0.000,0.000,0.800,0.000,158.180,180.030,125.080,0.000,52.380,-0.130,56.700,93.340,151.500,1.232,0.033,1,1,1
70407,0.000,0.000,0.800,0.000,158.180,195.830,124.780,0.000,52.840,-1.000,56.700,85.470,151.500,1.235,0.033,1,1,1
70507,0.000,0.000,0.800,0.000,158.180,195.830,124.780,0.000,52.840,-1.000,56.700,85.470,151.500,1.235,-0.028,1,1,1
70607,0.000,0.000,0.800,0.000,158.180,206.350,124.800,0.000,52.360,0.120,56.700,80.030,151.500,1.236,0.016,1,1,1
70807,0.000,0.000,0.800,0.000,158.180,206.350,124.800,0.000,52.360,0.120,56.700,80.030,151.600,1.238,0.007,1,1,1
70907,0.000,0.000,-0.800,0.000,158.150,222.030,124.930,-0.080,52.420,0.420,56.700,71.480,151.700,1.238,0.051,1,1,1
71007,0.000,0.000,-0.800,0.000,158.150,222.030,124.930,-0.080,52.420,0.420,56.700,71.480,151.700,1.229,-1.116,1,1,1
71107,0.000,0.000,-0.800,0.000,158.150,229.030,125.030,0.000,34.830,0.500,56.700,67.440,152.800,1.251,1.242,1,1,1
71307,0.000,0.000,-0.800,0.000,158.150,229.030,125.030,0.000,34.830,0.500,56.700,67.440,152.700,1.265,0.138,1,1,1
71407,0.000,0.000,-0.800,0.000,158.180,210.880,125.030,0.080,-60.500,0.000,56.700,77.620,152.500,1.264,0.227,1,1,1
71507,0.000,0.000,-0.800,0.000,158.180,210.880,125.030,0.080,-60.500,0.000,56.700,77.620,152.500,1.268,-0.037,1,1,1
71607,0.000,0.000,-0.800,0.000,158.180,197.800,124.930,0.000,-65.380,-0.500,56.700,84.470,152.500,1.273,0.209,1,1,1
71807,0.000,0.000,-0.800,0.000,158.180,197.800,124.930,0.000,-65.380,-0.500,56.700,84.470,152.600,1.274,-0.011,1,1,1
71907,0.000,0.000,-0.800,0.000,158.180,178.150,124.980,0.000,-65.500,0.170,56.700,94.260,152.600,1.278,0.104,1,1,1
72007,0.000,0.000,-0.800,0.000,158.180,178.150,124.980,0.000,-65.500,0.170,56.700,94.260,152.500,1.281,0.095,1,1,1
72107,0.000,0.000,-0.800,0.000,158.180,165.230,125.180,0.000,-64.630,1.000,56.700,100.510,152.500,1.284,0.121,1,1,1
72307,0.000,0.000,-0.800,0.000,158.180,165.230,125.180,0.000,-64.630,1.000,56.700,100.510,152.600,1.278,-0.037,1,1,1
72407,0.000,0.000,-0.800,0.000,158.180,145.880,125.200,0.000,-64.500,0.080,56.700,109.760,152.500,1.281,0.139,1,1,1
72507,0.000,0.000,-0.800,0.000,158.180,145.880,125.200,0.000,-64.500,0.080,56.700,109.760,152.500,1.282,0.024,1,1,1
72607,0.000,0.000,-0.800,0.000,158.180,133.000,125.200,0.000,-64.380,0.000,56.700,115.950,152.500,1.282,-0.063,1,1,1
72807,0.000,0.000,-0.800,0.000,158.180,133.000,125.200,0.000,-64.380,0.000,56.700,115.950,152.500,1.290,0.042,1,1,1
72907,0.000,0.000,-0.800,0.000,158.180,113.950,125.200,0.000,-63.500,0.000,56.700,125.370,152.500,1.289,-0.063,1,1,1
73007,0.000,0.000,-0.800,0.000,158.180,113.950,125.200,0.000,-63.500,0.000,56.700,125.370,152.500,1.291,0.174,1,1,1
73107,0.000,0.000,-0.800,0.000,158.180,101.330,125.200,0.000,-63.130,0.000,56.700,131.940,152.500,1.294,-0.019,1,1,1
73307,0.000,0.000,-0.800,0.000,158.180,101.330,125.200,0.000,-63.130,0.000,56.700,131.940,152.500,1.298,0.016,1,1,1
73407,0.000,0.000,-0.800,0.000,158.180,82.480,125.200,0.000,-62.830,0.000,56.700,142.770,152.500,1.299,0.033,1,1,1
73507,0.000,0.000,-0.800,0.000,158.180,82.480,125.200,0.000,-62.830,0.000,56.700,142.770,152.500,1.301,0.068,1,1,1
73607,0.000,0.000,-0.800,0.000,158.180,70.080,125.230,0.000,-62.000,0.130,56.700,151.220,152.500,1.303,-0.002,1,1,1
73807,0.000,0.000,-0.800,0.000,158.180,70.080,125.230,0.000,-62.000,0.130,56.700,151.220,152.500,1.308,0.042,1,1,1
73907,0.000,0.000,0.800,0.000,158.180,51.880,125.230,0.000,-60.670,0.000,56.700,171.410,152.500,1.307,-0.002,1,1,1
74007,0.000,0.000,0.800,0.000,158.180,51.880,125.230,0.000,-60.670,0.000,56.700,171.410,152.400,1.325,-0.109,1,1,1
74107,0.000,0.000,0.800,0.000,158.150,44.950,125.280,-0.130,-34.630,0.250,56.800,180.000,151.400,1.302,3.140,1,1,1
74307,0.000,0.000,0.800,0.000,158.150,44.950,125.280,-0.130,-34.630,0.250,56.700,180.000,151.500,1.253,-0.310,1,1,1
74407,0.000,0.000,0.800,0.000,158.150,59.000,125.450,0.000,46.830,0.580,56.700,161.020,151.600,1.257,0.402,1,1,1
74507,0.000,0.000,0.800,0.000,158.150,59.000,125.450,0.000,46.830,0.580,56.700,161.020,151.600,1.253,0.050,1,1,1
74607,0.000,0.000,0.800,0.000,158.150,69.200,125.450,0.000,51.000,0.000,56.800,151.890,151.600,1.257,-0.186,1,1,1
74807,0.000,0.000,0.800,0.000,158.150,69.200,125.450,0.000,51.000,0.000,56.700,151.890,151.600,1.255,-0.072,1,1,1
74907,0.000,0.000,0.800,0.000,158.150,84.680,125.450,0.000,51.580,0.000,56.700,141.410,151.600,1.256,0.103,1,1,1
75007,0.000,0.000,0.800,0.000,158.150,84.680,125.450,0.000,51.580,0.000,56.700,141.410,151.600,1.255,0.208,1,1,1
75107,0.000,0.000,0.800,0.000,158.150,95.080,125.450,0.000,52.000,0.000,56.700,135.360,151.600,1.258,0.235,1,1,1
75307,0.000,0.000,0.800,0.000,158.150,95.080,125.450,0.000,52.000,0.000,56.700,135.360,151.600,1.268,0.077,1,1,1
75407,0.000,0.000,0.800,0.000,158.150,110.680,125.450,0.000,52.000,0.000,56.700,127.030,151.600,1.264,0.173,1,1,1
75507,0.000,0.000,0.800,0.000,158.150,110.680,125.450,0.000,52.000,0.000,56.700,127.030,151.600,1.266,0.068,1,1,1
75607,0.000,0.000,0.800,0.000,158.150,121.080,125.450,0.000,52.000,0.000,56.700,121.790,151.600,1.270,0.050,1,1,1
75807,0.000,0.000,0.800,0.000,158.150,121.080,125.450,0.000,52.000,0.000,56.700,121.790,151.600,1.256,-0.064,1,1,1
75907,0.000,0.000,0.800,0.000,158.150,137.050,125.450,0.000,53.250,0.000,56.700,114.000,151.600,1.260,0.007,1,1,1
76007,0.000,0.000,0.800,0.000,158.150,137.050,125.450,0.000,53.250,0.000,56.700,114.000,151.600,1.267,0.033,1,1,1
76107,0.000,0.000,0.800,0.000,158.150,147.580,125.450,0.000,52.630,0.000,56.700,108.950,151.600,1.272,0.121,1,1,1
76307,0.000,0.000,0.800,0.000,158.150,147.580,125.450,0.000,52.630,0.000,56.700,108.950,151.800,1.270,-0.046,1,1,1
76407,0.000,0.000,0.800,0.000,158.150,163.300,125.450,0.000,52.420,0.000,56.700,101.430,151.600,1.267,0.068,1,1,1
76507,0.000,0.000,0.800,0.000,158.150,163.300,125.450,0.000,52.420,0.000,56.700,101.430,151.600,1.268,-0.029,1,1,1
76607,0.000,0.000,0.800,0.000,158.150,173.730,125.450,0.000,52.130,0.000,56.700,96.410,151.600,1.271,-0.090,1,1,1
76807,0.000,0.000,0.800,0.000,158.150,173.730,125.450,0.000,52.130,0.000,56.700,96.410,151.600,1.277,0.042,1,1,1
76907,0.000,0.000,0.800,0.000,158.150,189.580,125.200,0.000,52.830,-0.830,56.700,88.620,151.600,1.276,-0.037,1,1,1
77007,0.000,0.000,0.800,0.000,158.150,189.580,125.200,0.000,52.830,-0.830,56.700,88.620,151.700,1.273,0.059,1,1,1
77107,0.000,0.000,0.800,0.000,158.150,200.050,125.150,0.000,52.380,-0.250,56.700,83.310,151.600,1.278,0.016,1,1,1
77307,0.000,0.000,0.800,0.000,158.150,200.050,125.150,0.000,52.380,-0.250,56.700,83.310,151.700,1.259,-0.195,1,1,1
77407,0.000,0.000,0.800,0.000,158.150,215.830,125.280,0.000,52.580,0.420,56.700,74.940,151.900,1.260,-0.055,1,1,1
77507,0.000,0.000,0.800,0.000,158.150,215.830,125.280,0.000,52.580,0.420,56.700,74.940,151.900,1.264,0.015,1,1,1
77607,0.000,0.000,-0.800,0.000,158.150,226.230,125.280,0.000,52.000,0.000,56.700,69.080,151.900,1.266,-0.090,1,1,1
77807,0.000,0.000,-0.800,0.000,158.150,226.230,125.280,0.000,52.000,0.000,56.700,69.080,151.900,1.497,2.067,1,1,1
77907,0.000,0.000,-0.800,0.000,158.150,228.000,125.530,0.000,5.920,0.830,56.700,68.040,152.500,1.501,0.768,1,1,1
78007,0.000,0.000,-0.800,0.000,158.150,228.000,125.530,0.000,5.920,0.830,56.700,68.040,152.700,1.487,-0.459,1,1,1
78107,0.000,0.000,-0.800,0.000,158.150,214.730,125.350,0.000,-66.380,-0.880,56.700,75.540,152.900,1.486,0.418,1,1,1
78307,0.000,0.000,-0.800,0.000,158.150,214.730,125.350,0.000,-66.380,-0.880,56.700,75.540,152.900,1.513,0.217,1,1,1
78407,0.000,0.000,-0.800,0.000,158.150,195.050,125.180,0.000,-65.580,-0.580,56.700,85.870,152.900,1.518,-0.082,1,1,1
78507,0.000,0.000,-0.800,0.000,158.150,195.050,125.180,0.000,-65.580,-0.580,56.700,85.870,152.900,1.512,-0.020,1,1,1
78607,0.000,0.000,-0.800,0.000,158.150,181.900,125.200,0.000,-65.750,0.130,56.700,92.420,152.800,1.516,0.322,1,1,1
78807,0.000,0.000,-0.800,0.000,158.150,181.900,125.200,0.000,-65.750,0.130,56.700,92.420,152.800,1.525,0.050,1,1,1
78907,0.000,0.000,-0.800,0.000,158.150,162.530,125.450,0.000,-64.800,0.840,56.700,101.800,152.700,1.523,-0.002,1,1,1
79007,0.000,0.000,-0.800,0.000,158.150,162.530,125.450,0.000,-64.800,0.840,56.700,101.800,152.800,1.522,-0.037,1,1,1
79107,0.000,0.000,-0.800,0.000,158.150,149.530,125.450,0.000,-64.680,0.000,56.800,108.020,152.800,1.527,0.094,1,1,1
79307,0.000,0.000,-0.800,0.000,158.150,149.530,125.450,0.000,-64.680,0.000,56.700,108.020,152.800,1.532,0.015,1,1,1
79407,0.000,0.000,-0.800,0.000,158.150,130.250,125.450,0.000,-64.460,0.000,56.700,117.290,162.700,1.532,0.120,1,1,1
79507,0.000,0.000,-0.800,0.000,158.150,130.250,125.450,0.000,-64.460,0.000,56.700,117.290,152.700,1.536,-0.011,1,1,1
79607,0.000,0.000,-0.800,0.000,158.150,117.500,125.480,0.000,-63.750,0.130,56.800,123.580,152.700,1.537,-0.099,1,1,1
79807,0.000,0.000,-0.800,0.000,158.150,117.500,125.480,0.000,-63.750,0.130,56.700,123.580,152.700,1.538,0.024,1,1,1
79907,0.000,0.000,-0.800,0.000,158.150,98.480,125.480,0.000,-63.210,0.000,56.700,133.480,152.700,1.540,-0.029,1,1,1
80007,0.000,0.000,-0.800,0.000,158.150,98.480,125.480,0.000,-63.210,0.000,56.700,133.480,152.700,1.540,-0.020,1,1,1
80107,0.000,0.000,-0.800,0.000,158.150,85.880,125.480,0.000,-63.000,0.000,56.800,140.680,152.700,1.542,0.042,1,1,1
80307,0.000,0.000,-0.800,0.000,158.150,85.880,125.480,0.000,-63.000,0.000,56.800,140.680,152.700,1.550,0.050,1,1,1
80407,0.000,0.000,-0.800,0.000,158.150,67.180,125.480,0.000,-62.330,0.000,56.700,153.480,152.700,1.551,0.147,1,1,1
80507,0.000,0.000,-0.800,0.000,158.150,67.180,125.480,0.000,-62.330,0.000,56.700,153.480,152.700,1.551,-0.011,1,1,1
80607,0.000,0.000,0.900,0.000,158.150,54.930,125.480,0.000,-61.250,0.000,56.800,166.030,152.700,1.553,0.147,1,1,1
80807,0.000,0.000,0.900,0.000,158.150,54.930,125.480,0.000,-61.250,0.000,56.700,166.030,152.700,1.768,1.864,1,1,1
80907,0.000,0.000,0.900,0.000,158.150,52.350,125.630,0.000,-8.580,0.500,56.800,170.390,151.600,1.771,0.926,1,1,1
81007,0.000,0.000,0.900,0.000,158.150,52.350,125.630,0.000,-8.580,0.500,56.700,170.390,151.600,1.766,-0.118,1,1,1
81107,0.000,0.000,0.900,0.000,158.150,63.700,125.630,0.000,56.750,0.000,56.800,156.430,151.600,1.769,0.234,1,1,1
81307,0.000,0.000,0.900,0.000,158.150,63.700,125.630,0.000,56.750,0.000,56.700,156.430,151.600,1.788,0.199,1,1,1
81407,0.000,0.000,0.900,0.000,158.150,80.950,125.630,0.000,57.500,0.000,56.700,143.730,151.600,1.794,0.199,1,1,1
81507,0.000,0.000,0.900,0.000,158.150,80.950,125.630,0.000,57.500,0.000,56.700,143.730,151.600,1.795,0.216,1,1,1
81607,0.000,0.000,0.900,0.000,158.150,92.630,125.630,0.000,58.380,0.000,56.700,136.740,151.700,1.794,-0.038,1,1,1
81807,0.000,0.000,0.900,0.000,158.150,92.630,125.630,0.000,58.380,0.000,56.700,136.740,151.600,1.817,0.199,1,1,1
81907,0.000,0.000,0.900,0.000,158.150,110.050,125.630,0.000,58.080,0.000,56.700,127.360,151.600,1.818,0.155,1,1,1
82007,0.000,0.000,0.900,0.000,158.150,110.050,125.630,0.000,58.080,0.000,56.700,127.360,151.700,1.816,-0.011,1,1,1
82107,0.000,0.000,0.900,0.000,158.150,121.700,125.630,0.000,58.250,0.000,56.700,121.480,151.700,1.816,0.129,1,1,1
82307,0.000,0.000,0.900,0.000,158.150,121.700,125.630,0.000,58.250,0.000,56.700,121.480,151.700,1.822,0.024,1,1,1
82407,0.000,0.000,0.900,0.000,158.150,139.250,125.630,0.000,58.500,0.000,56.700,112.940,151.700,1.819,0.015,1,1,1
82507,0.000,0.000,0.900,0.000,158.150,139.250,125.630,0.000,58.500,0.000,56.700,112.940,151.700,1.821,0.015,1,1,1
82607,0.000,0.000,0.900,0.000,158.130,150.950,125.630,-0.130,58.500,0.000,56.700,107.340,153.100,1.824,0.050,1,1,1
82807,0.000,0.000,0.900,0.000,158.130,150.950,125.630,-0.130,58.500,0.000,56.800,107.340,151.700,1.811,-0.108,1,1,1
82907,0.000,0.000,0.900,0.000,158.130,168.550,125.630,0.000,58.670,0.000,56.800,98.910,151.700,1.814,0.094,1,1,1
83007,0.000,0.000,0.900,0.000,158.130,168.550,125.630,0.000,58.670,0.000,56.700,98.910,151.700,1.819,0.024,1,1,1
83107,0.000,0.000,0.900,0.000,158.130,180.280,125.600,0.000,58.630,-0.130,56.700,93.220,151.700,1.821,-0.029,1,1,1
83307,0.000,0.000,0.900,0.000,158.130,180.280,125.600,0.000,58.630,-0.130,56.700,93.220,151.700,1.811,-0.090,1,1,1
83407,0.000,0.000,0.900,0.000,158.130,197.980,125.300,0.000,59.000,-1.000,56.800,84.370,151.700,1.813,0.041,1,1,1
83507,0.000,0.000,0.900,0.000,158.130,197.980,125.300,0.000,59.000,-1.000,56.800,84.370,151.700,1.815,-0.038,1,1,1
83607,0.000,0.000,0.900,0.000,158.130,209.730,125.350,0.000,58.750,0.250,56.800,78.240,151.700,1.817,-0.090,1,1,1
83807,0.000,0.000,0.900,0.000,158.130,209.730,125.350,0.000,58.750,0.250,56.700,78.240,151.900,1.816,-0.011,1,1,1
83907,0.000,0.000,-0.900,0.000,158.130,227.250,125.450,0.000,58.420,0.330,56.700,68.480,151.900,1.816,-0.046,1,1,1
84007,0.000,0.000,-0.900,0.000,158.130,227.250,125.450,0.000,58.420,0.330,56.700,68.480,152.000,1.812,-0.667,1,1,1
84107,0.000,0.000,-0.900,0.000,158.130,235.430,125.580,0.000,40.880,0.630,56.700,63.580,153.100,1.814,1.192,1,1,1
84307,0.000,0.000,-0.900,0.000,158.130,235.430,125.580,0.000,40.880,0.630,56.700,63.580,152.500,1.833,0.155,1,1,1
84407,0.000,0.000,-0.900,0.000,158.130,215.600,125.480,0.000,-66.080,-0.330,56.700,75.060,152.300,1.828,0.217,1,1,1
84507,0.000,0.000,-0.900,0.000,158.130,215.600,125.480,0.000,-66.080,-0.330,56.700,75.060,152.400,1.834,-0.178,1,1,1
84607,0.000,0.000,-0.900,0.000,158.130,200.950,125.380,0.000,-73.250,-0.500,56.700,82.850,152.300,1.837,0.182,1,1,1
84807,0.000,0.000,-0.900,0.000,158.130,200.950,125.380,0.000,-73.250,-0.500,56.700,82.850,152.400,1.813,-0.248,1,1,1
84907,0.000,0.000,-0.900,0.000,158.130,179.130,125.330,0.000,-72.750,-0.170,56.700,93.780,152.300,1.818,0.129,1,1,1
85007,0.000,0.000,-0.900,0.000,158.130,179.130,125.330,0.000,-72.750,-0.170,56.700,93.780,152.300,1.821,-0.029,1,1,1
85107,0.000,0.000,-0.900,0.000,158.130,164.700,125.580,0.000,-72.130,1.250,56.700,100.760,152.300,1.823,-0.099,1,1,1
85307,0.000,0.000,-0.900,0.000,158.130,164.700,125.580,0.000,-72.130,1.250,56.700,100.760,152.300,1.833,0.076,1,1,1
85407,0.000,0.000,-0.900,0.000,158.130,143.130,125.580,0.000,-71.920,0.000,56.700,111.080,152.300,1.837,0.094,1,1,1
85507,0.000,0.000,-0.900,0.000,158.130,143.130,125.580,0.000,-71.920,0.000,56.700,111.080,152.300,1.837,0.050,1,1,1
85607,0.000,0.000,-0.900,0.000,158.130,128.750,125.580,0.000,-71.880,0.000,56.700,118.020,152.300,1.838,-0.108,1,1,1
85807,0.000,0.000,-0.900,0.000,158.130,128.750,125.580,0.000,-71.880,0.000,56.700,118.020,152.300,1.837,-0.047,1,1,1
85907,0.000,0.000,-0.900,0.000,158.130,107.500,125.600,0.000,-70.830,0.080,56.700,128.680,152.300,1.837,0.032,1,1,1
86007,0.000,0.000,-0.900,0.000,158.130,107.500,125.600,0.000,-70.830,0.080,56.700,128.680,152.100,1.841,0.164,1,1,1
86107,0.000,0.000,-0.900,0.000,158.130,93.450,125.600,0.000,-70.250,0.000,56.700,136.270,152.300,1.844,-0.038,1,1,1
86307,0.000,0.000,-0.900,0.000,158.130,93.450,125.600,0.000,-70.250,0.000,56.700,136.270,152.300,1.853,0.076,1,1,1
86407,0.000,0.000,-0.900,0.000,158.130,72.480,125.600,0.000,-69.920,0.000,56.700,149.450,152.300,1.855,0.032,1,1,1
86507,0.000,0.000,-0.900,0.000,158.130,72.480,125.600,0.000,-69.920,0.000,56.700,149.450,152.300,1.857,-0.020,1,1,1
86607,0.000,0.000,0.900,0.000,158.130,58.750,125.600,0.000,-68.630,0.000,56.700,161.290,152.300,1.859,0.041,1,1,1
86807,0.000,0.000,0.900,0.000,158.130,58.750,125.600,0.000,-68.630,0.000,56.700,161.290,152.100,1.877,0.148,1,1,1
86907,0.000,0.000,0.900,0.000,158.130,54.750,125.750,0.000,-13.330,0.500,56.700,166.290,151.200,1.888,0.832,1,1,1
87007,0.000,0.000,0.900,0.000,158.130,54.750,125.750,0.000,-13.330,0.500,56.700,166.290,151.300,1.896,0.216,1,1,1
87107,0.000,0.000,0.900,0.000,158.130,66.080,125.750,0.000,56.630,0.000,56.700,154.380,151.300,1.894,0.067,1,1,1
87307,0.000,0.000,0.900,0.000,158.130,66.080,125.750,0.000,56.630,0.000,56.700,154.380,151.300,1.931,0.322,1,1,1
87407,0.000,0.000,0.900,0.000,158.130,83.280,125.750,0.000,57.530,0.000,56.700,142.270,151.300,1.937,0.409,1,1,1
87507,0.000,0.000,0.900,0.000,158.130,83.280,125.750,0.000,57.530,0.000,56.700,142.270,151.300,1.939,0.321,1,1,1
87607,0.000,0.000,0.900,0.000,158.130,94.980,125.750,0.000,58.210,0.000,56.700,135.410,151.300,1.940,0.243,1,1,1
87807,0.000,0.000,0.900,0.000,158.130,94.980,125.750,0.000,58.210,0.000,56.700,135.410,151.300,1.951,0.094,1,1,1
87907,0.000,0.000,0.900,0.000,158.130,112.350,125.750,0.000,57.920,0.000,56.700,126.180,151.400,1.952,0.181,1,1,1
88007,0.000,0.000,0.900,0.000,158.130,112.350,125.750,0.000,57.920,0.000,56.700,126.180,151.400,1.949,-0.082,1,1,1
88107,0.000,0.000,0.900,0.000,158.130,123.980,125.750,0.000,58.130,0.000,56.700,120.360,151.400,1.949,0.006,1,1,1
88307,0.000,0.000,0.900,0.000,158.130,123.980,125.750,0.000,58.130,0.000,56.700,120.360,151.400,1.947,-0.020,1,1,1
88407,0.000,0.000,0.900,0.000,158.130,141.630,125.750,0.000,58.830,0.000,56.700,111.800,151.500,1.948,-0.073,1,1,1
88507,0.000,0.000,0.900,0.000,158.130,141.630,125.750,0.000,58.830,0.000,56.700,111.800,151.400,1.949,0.015,1,1,1
88607,0.000,0.000,0.900,0.000,158.130,153.330,125.750,0.000,58.500,0.000,56.700,106.200,151.900,1.951,0.041,1,1,1
88807,0.000,0.000,0.900,0.000,158.130,153.330,125.750,0.000,58.500,0.000,56.700,106.200,151.500,1.954,0.041,1,1,1
88907,0.000,0.000,0.900,0.000,158.130,170.930,125.750,0.000,58.670,0.000,56.700,97.760,151.500,1.957,0.032,1,1,1
89007,0.000,0.000,0.900,0.000,158.130,170.930,125.750,0.000,58.670,0.000,56.700,97.760,151.500,1.958,0.006,1,1,1
89107,0.000,0.000,0.900,0.000,158.130,182.700,125.700,0.000,58.880,-0.250,56.700,92.030,151.500,1.956,-0.055,1,1,1
89307,0.000,0.000,0.900,0.000,158.130,182.700,125.700,0.000,58.880,-0.250,56.700,92.030,151.500,1.953,-0.020,1,1,1
89407,0.000,0.000,0.900,0.000,158.130,200.400,125.430,0.000,59.000,-0.920,56.700,83.130,151.500,1.956,0.067,1,1,1
89507,0.000,0.000,0.900,0.000,158.130,200.400,125.430,0.000,59.000,-0.920,56.700,83.130,151.500,1.955,-0.038,1,1,1
89607,0.000,0.000,0.900,0.000,158.130,212.150,125.500,0.000,58.750,0.380,56.700,76.940,151.500,1.955,0.024,1,1,1
89807,0.000,0.000,0.900,0.000,158.130,212.150,125.500,0.000,58.750,0.380,56.700,76.940,151.600,1.967,0.103,1,1,1
89907,0.000,0.000,-0.900,0.000,158.130,229.750,125.580,0.000,58.670,0.250,56.700,67.010,151.600,1.967,-0.020,1,1,1
90007,0.000,0.000,-0.900,0.000,158.130,229.750,125.580,0.000,58.670,0.250,56.700,67.010,151.600,1.959,-1.169,1,1,1
90107,0.000,0.000,-0.900,0.000,158.130,237.680,125.700,0.000,39.630,0.630,56.700,62.180,152.700,1.978,2.618,1,1,1
90307,0.000,0.000,-0.900,0.000,158.130,237.680,125.700,0.000,39.630,0.630,56.700,62.180,151.600,1.951,-0.196,1,1,1
90407,0.000,0.000,-0.900,0.000,158.130,217.550,125.580,0.000,-67.080,-0.420,56.700,73.990,152.300,1.950,0.199,1,1,1
90507,0.000,0.000,-0.900,0.000,158.130,217.550,125.580,0.000,-67.080,-0.420,56.700,73.990,152.300,1.956,0.067,1,1,1
90607,0.000,0.000,-0.900,0.000,158.130,202.850,125.530,0.000,-73.500,-0.250,56.700,81.860,152.300,1.961,0.287,1,1,1
90807,0.000,0.000,-0.900,0.000,158.130,202.850,125.530,0.000,-73.500,-0.250,56.700,81.860,152.100,1.940,-0.108,1,1,1
90907,0.000,0.000,-0.900,0.000,158.130,181.000,125.430,0.000,-72.830,-0.330,56.700,92.860,151.800,1.942,0.050,1,1,1
91007,0.000,0.000,-0.900,0.000,158.130,181.000,125.430,0.000,-72.830,-0.330,56.700,92.860,151.800,1.945,-0.056,1,1,1
91107,0.000,0.000,-0.900,0.000,158.130,166.580,125.700,0.000,-72.130,1.380,56.700,99.860,151.800,1.948,0.181,1,1,1
91307,0.000,0.000,-0.900,0.000,158.130,166.580,125.700,0.000,-72.130,1.380,56.700,99.860,151.800,1.954,0.067,1,1,1
91407,0.000,0.000,-0.900,0.000,158.130,145.000,125.700,0.000,-71.920,0.000,56.700,110.180,151.800,1.957,-0.038,1,1,1
91507,0.000,0.000,-0.900,0.000,158.130,145.000,125.700,0.000,-71.920,0.000,56.700,110.180,151.800,1.960,-0.003,1,1,1
91607,0.000,0.000,-0.900,0.000,158.130,130.630,125.700,0.000,-71.880,0.000,56.700,117.100,152.000,1.960,-0.003,1,1,1
91807,0.000,0.000,-0.900,0.000,158.130,130.630,125.700,0.000,-71.880,0.000,56.700,117.100,151.800,1.947,-0.020,1,1,1
91907,0.000,0.000,-0.900,0.000,158.130,109.380,125.730,0.000,-70.830,0.080,56.700,127.700,151.800,1.946,-0.161,1,1,1
92007,0.000,0.000,-0.900,0.000,158.130,109.380,125.730,0.000,-70.830,0.080,56.700,127.700,151.800,1.948,0.094,1,1,1
92107,0.000,0.000,-0.900,0.000,158.130,95.300,125.730,0.000,-70.380,0.000,56.700,135.230,151.800,1.951,-0.099,1,1,1
92307,0.000,0.000,-0.900,0.000,158.130,95.300,125.730,0.000,-70.380,0.000,56.700,135.230,151.800,1.952,-0.038,1,1,1
92407,0.000,0.000,-0.900,0.000,158.130,74.300,125.730,0.000,-70.000,0.000,56.700,148.160,151.700,1.954,0.058,1,1,1
92507,0.000,0.000,-0.900,0.000,158.130,74.300,125.730,0.000,-70.000,0.000,56.700,148.160,151.800,1.954,-0.012,1,1,1
92607,0.000,0.000,-0.900,0.000,158.130,60.600,125.730,0.000,-68.500,0.000,56.700,159.360,151.700,1.958,0.058,1,1,1
92807,0.000,0.000,-0.900,0.000,158.130,60.600,125.730,0.000,-68.500,0.000,56.700,159.360,151.800,1.839,-0.933,1,1,1
92907,0.000,0.000,0.900,0.000,158.000,44.900,125.780,-0.420,-52.330,0.170,56.800,180.000,151.400,1.811,0.463,1,1,1
93007,0.000,0.000,0.900,0.000,158.000,44.900,125.780,-0.420,-52.330,0.170,56.800,180.000,151.500,1.872,-0.397,1,1,1
93107,0.000,0.000,0.900,0.000,158.000,44.880,125.880,0.000,-0.130,0.500,56.800,180.000,151.700,1.853,0.394,1,1,1
93307,0.000,0.000,0.900,0.000,158.000,44.880,125.880,0.000,-0.130,0.500,56.700,180.000,151.300,1.849,-0.010,1,1,1
93407,0.000,0.000,0.900,0.000,158.000,59.350,126.000,0.000,48.250,0.420,56.700,160.640,151.400,1.835,-0.617,1,1,1
93507,0.000,0.000,0.900,0.000,158.000,59.350,126.000,0.000,48.250,0.420,56.700,160.640,151.400,1.843,-0.616,1,1,1
93607,0.000,0.000,0.900,0.000,158.000,70.750,126.000,0.000,57.000,0.000,56.700,150.720,151.400,1.834,-0.336,1,1,1
93807,0.000,0.000,0.900,0.000,158.000,70.750,126.000,0.000,57.000,0.000,56.700,150.720,151.400,1.871,0.068,1,1,1
93907,0.000,0.000,0.900,0.000,158.000,88.130,126.000,0.000,57.920,0.000,56.700,139.340,151.500,1.867,-0.143,1,1,1
94007,0.000,0.000,0.900,0.000,158.000,88.130,126.000,0.000,57.920,0.000,56.700,139.340,151.400,1.868,-0.152,1,1,1
94107,0.000,0.000,0.900,0.000,158.000,99.730,126.000,0.000,58.000,0.000,56.700,132.800,151.400,1.868,-0.038,1,1,1
94307,0.000,0.000,0.900,0.000,158.000,99.730,126.000,0.000,58.000,0.000,56.700,132.800,151.500,1.879,-0.091,1,1,1
94407,0.000,0.000,0.900,0.000,158.000,117.180,126.000,0.000,58.170,0.000,56.700,123.740,151.600,1.874,0.181,1,1,1
94507,0.000,0.000,0.900,0.000,158.000,117.180,126.000,0.000,58.170,0.000,56.700,123.740,151.600,1.875,-0.020,1,1,1
94607,0.000,0.000,0.900,0.000,158.000,128.800,126.000,0.000,58.130,0.000,56.700,117.990,151.600,1.877,0.032,1,1,1
94807,0.000,0.000,0.900,0.000,158.000,128.800,126.000,0.000,58.130,0.000,56.700,117.990,151.600,1.877,0.015,1,1,1
94907,0.000,0.000,0.900,0.000,158.000,146.430,126.000,0.000,58.750,0.000,56.700,109.500,151.500,1.877,-0.029,1,1,1
95007,0.000,0.000,0.900,0.000,158.000,146.430,126.000,0.000,58.750,0.000,56.700,109.500,151.500,1.880,0.102,1,1,1
95107,0.000,0.000,0.900,0.000,158.000,158.130,126.000,0.000,58.500,0.000,56.700,103.910,151.600,1.880,0.023,1,1,1
95307,0.000,0.000,0.900,0.000,158.000,158.130,126.000,0.000,58.500,0.000,56.700,103.910,151.600,1.882,0.006,1,1,1
95407,0.000,0.000,0.900,0.000,158.000,175.680,125.980,0.000,58.500,-0.080,56.700,95.460,151.600,1.884,-0.038,1,1,1
95507,0.000,0.000,0.900,0.000,158.000,175.680,125.980,0.000,58.500,-0.080,56.700,95.460,151.600,1.886,0.067,1,1,1
95607,0.000,0.000,0.900,0.000,158.000,187.500,125.780,0.000,59.130,-1.000,56.700,89.650,151.600,1.885,-0.038,1,1,1
95807,0.000,0.000,0.900,0.000,158.000,187.500,125.780,0.000,59.130,-1.000,56.700,89.650,151.600,1.887,0.050,1,1,1
95907,0.000,0.000,0.900,0.000,157.980,205.100,125.680,-0.080,58.860,-0.330,56.700,80.690,151.600,1.888,0.041,1,1,1
96007,0.000,0.000,0.900,0.000,157.980,205.100,125.680,-0.080,58.860,-0.330,56.700,80.690,151.600,1.890,-0.012,1,1,1
96107,0.000,0.000,0.900,0.000,157.980,216.900,125.800,0.000,58.420,0.620,56.700,74.350,151.600,1.894,0.067,1,1,1
96307,0.000,0.000,0.900,0.000,157.980,216.900,125.800,0.000,58.420,0.620,56.700,74.350,151.600,1.900,0.102,1,1,1
96407,0.000,0.000,-0.900,0.000,157.980,234.500,125.800,0.000,58.860,0.000,56.700,64.150,151.600,1.901,0.006,1,1,1
96507,0.000,0.000,-0.900,0.000,157.980,234.500,125.800,0.000,58.860,0.000,56.700,64.150,151.600,1.895,0.033,1,1,1
96607,0.000,0.000,-0.900,0.000,157.980,242.650,125.950,0.000,40.750,0.750,56.700,59.010,152.900,1.923,2.275,1,1,1
96807,0.000,0.000,-0.900,0.000,157.980,242.650,125.950,0.000,40.750,0.750,56.700,59.010,151.700,1.909,0.198,1,1,1
96907,0.000,0.000,-0.900,0.000,157.950,221.700,125.730,-0.080,-69.830,-0.750,56.700,71.670,152.300,1.912,0.216,1,1,1
97007,0.000,0.000,-0.900,0.000,157.950,221.700,125.730,-0.080,-69.830,-0.750,56.700,71.670,152.300,1.917,0.234,1,1,1
97107,0.000,0.000,-0.900,0.000,157.980,206.930,125.700,0.130,-73.880,-0.130,56.700,79.730,152.300,1.922,0.243,1,1,1
97307,0.000,0.000,-0.900,0.000,157.980,206.930,125.700,0.130,-73.880,-0.130,56.700,79.730,152.300,1.927,0.076,1,1,1
97407,0.000,0.000,-0.900,0.000,157.980,185.130,125.580,0.000,-72.670,-0.420,56.700,90.830,152.000,1.929,-0.030,1,1,1
97507,0.000,0.000,-0.900,0.000,157.980,185.130,125.580,0.000,-72.670,-0.420,56.700,90.830,151.900,1.932,0.032,1,1,1
97607,0.000,0.000,-0.900,0.000,157.980,170.630,125.850,0.000,-72.500,1.380,56.700,97.910,151.800,1.937,0.058,1,1,1
97807,0.000,0.000,-0.900,0.000,157.980,170.630,125.850,0.000,-72.500,1.380,56.700,97.910,151.800,1.937,-0.012,1,1,1
97907,0.000,0.000,-0.900,0.000,157.980,149.030,125.850,0.000,-72.000,0.000,56.700,108.260,151.800,1.937,0.023,1,1,1
98007,0.000,0.000,-0.900,0.000,157.980,149.030,125.850,0.000,-72.000,0.000,56.700,108.260,151.800,1.941,0.207,1,1,1
98107,0.000,0.000,-0.900,0.000,157.980,134.680,125.850,0.000,-71.750,0.000,56.700,115.140,151.800,1.942,0.023,1,1,1
98307,0.000,0.000,-0.900,0.000,157.980,134.680,125.850,0.000,-71.750,0.000,56.700,115.140,151.800,1.949,0.050,1,1,1
98407,0.000,0.000,-0.900,0.000,157.980,113.380,125.880,0.000,-71.000,0.080,56.700,125.660,151.800,1.951,0.023,1,1,1
98507,0.000,0.000,-0.900,0.000,157.980,113.380,125.880,0.000,-71.000,0.080,56.700,125.660,151.800,1.953,0.041,1,1,1
98607,0.000,0.000,-0.900,0.000,157.980,99.280,125.880,0.000,-70.500,0.000,56.700,133.040,151.800,1.954,0.006,1,1,1
98807,0.000,0.000,-0.900,0.000,157.980,99.280,125.880,0.000,-70.500,0.000,56.700,133.040,151.800,1.958,-0.029,1,1,1
98907,0.000,0.000,-0.900,0.000,157.980,78.250,125.880,0.000,-70.080,0.000,56.700,145.480,151.700,1.959,-0.012,1,1,1
99007,0.000,0.000,-0.900,0.000,157.980,78.250,125.880,0.000,-70.080,0.000,56.700,145.480,151.800,1.962,0.015,1,1,1
99107,0.000,0.000,-0.900,0.000,157.980,64.530,125.880,0.000,-68.630,0.000,56.700,155.700,151.700,1.963,-0.029,1,1,1
99307,0.000,0.000,-0.900,0.000,157.980,64.530,125.880,0.000,-68.630,0.000,56.700,155.700,151.700,1.963,0.050,1,1,1
99407,0.000,0.000,0.900,0.000,157.950,44.980,125.800,-0.080,-65.170,-0.250,56.700,180.000,151.800,2.013,-1.190,1,1,1
99507,0.000,0.000,0.900,0.000,157.950,44.980,125.800,-0.080,-65.170,-0.250,56.800,180.000,151.700,1.994,1.439,1,1,1
99607,0.000,0.000,0.900,0.000,157.850,44.980,125.980,-0.500,0.000,0.880,56.800,180.000,151.600,1.996,0.340,1,1,1
99807,0.000,0.000,0.900,0.000,157.850,44.980,125.980,-0.500,0.000,0.880,56.800,180.000,151.500,2.008,0.076,1,1,1
99907,0.000,0.000,0.900,0.000,157.880,59.480,125.980,0.080,48.330,0.000,56.800,160.510,151.600,2.009,0.409,1,1,1
100007,0.000,0.000,0.900,0.000,157.880,59.480,125.980,0.080,48.330,0.000,56.700,160.510,151.600,2.000,-1.003,1,1,1
100107,0.000,0.000,0.900,0.000,157.880,70.850,125.980,0.000,56.880,0.000,56.700,150.640,151.600,2.004,0.568,1,1,1
100307,0.000,0.000,0.900,0.000,157.880,70.850,125.980,0.000,56.880,0.000,56.700,150.640,151.600,2.000,0.506,1,1,1
100407,0.000,0.000,0.900,0.000,157.850,88.150,125.980,-0.080,57.670,0.000,56.800,139.330,151.600,1.989,0.251,1,1,1
100507,0.000,0.000,0.900,0.000,157.850,88.150,125.980,-0.080,57.670,0.000,56.800,139.330,151.700,1.995,-0.056,1,1,1
100607,0.000,0.000,0.900,0.000,157.880,99.750,125.980,0.130,58.000,0.000,56.800,132.790,151.600,1.996,0.454,1,1,1
100807,0.000,0.000,0.900,0.000,157.880,99.750,125.980,0.130,58.000,0.000,56.700,132.790,151.700,1.993,-0.074,1,1,1
100907,0.000,0.000,0.900,0.000,157.850,117.200,125.980,-0.080,58.170,0.000,56.800,123.730,151.700,1.991,0.015,1,1,1
101007,0.000,0.000,0.900,0.000,157.850,117.200,125.980,-0.080,58.170,0.000,56.700,123.730,151.600,1.993,0.067,1,1,1
101107,0.000,0.000,0.900,0.000,157.850,128.830,125.980,0.000,58.130,0.000,56.700,117.980,151.700,1.996,-0.038,1,1,1
101307,0.000,0.000,0.900,0.000,157.850,128.830,125.980,0.000,58.130,0.000,56.700,117.980,151.700,2.003,0.041,1,1,1
101407,0.000,0.000,0.900,0.000,157.850,146.480,125.980,0.000,58.830,0.000,56.800,109.470,151.600,2.002,0.163,1,1,1
101507,0.000,0.000,0.900,0.000,157.850,146.480,125.980,0.000,58.830,0.000,56.800,109.470,151.600,2.003,0.067,1,1,1
101607,0.000,0.000,0.900,0.000,157.850,158.180,125.980,0.000,58.500,0.000,56.700,103.880,151.700,2.004,0.102,1,1,1
101807,0.000,0.000,0.900,0.000,157.850,158.180,125.980,0.000,58.500,0.000,56.700,103.880,151.700,2.013,0.058,1,1,1
101907,0.000,0.000,0.900,0.000,157.850,175.750,125.980,0.000,58.580,0.000,56.800,95.430,151.600,2.017,0.032,1,1,1
102007,0.000,0.000,0.900,0.000,157.850,175.750,125.980,0.000,58.580,0.000,56.800,95.430,151.600,2.016,-0.082,1,1,1
102107,0.000,0.000,0.900,0.000,157.850,187.600,125.780,0.000,59.250,-1.000,56.800,89.600,151.700,2.016,-0.091,1,1,1
102307,0.000,0.000,0.900,0.000,157.850,187.600,125.780,0.000,59.250,-1.000,56.800,89.600,151.700,2.021,0.058,1,1,1
102407,0.000,0.000,0.900,0.000,157.850,205.230,125.700,0.000,58.750,-0.250,56.800,80.620,151.700,2.023,-0.029,1,1,1
102507,0.000,0.000,0.900,0.000,157.850,205.230,125.700,0.000,58.750,-0.250,56.800,80.620,151.700,2.024,-0.073,1,1,1
102607,0.000,0.000,0.900,0.000,157.850,217.000,125.830,0.000,58.880,0.630,56.700,74.290,151.700,2.026,0.102,1,1,1
102807,0.000,0.000,0.900,0.000,157.850,217.000,125.830,0.000,58.880,0.630,56.800,74.290,151.700,2.032,0.058,1,1,1
102907,0.000,0.000,-0.900,0.000,157.850,234.650,125.830,0.000,58.830,0.000,56.800,64.060,151.700,2.035,0.041,1,1,1
103007,0.000,0.000,-0.900,0.000,157.850,234.650,125.830,0.000,58.830,0.000,56.800,64.060,151.700,2.029,0.295,1,1,1
103107,0.000,0.000,-0.900,0.000,157.830,242.500,125.950,-0.130,39.250,0.630,56.700,59.100,152.900,2.062,1.774,1,1,1
103307,0.000,0.000,-0.900,0.000,157.830,242.500,125.950,-0.130,39.250,0.630,56.700,59.100,151.600,2.080,0.233,1,1,1
103407,0.000,0.000,-0.900,0.000,157.830,221.230,125.750,0.000,-70.920,-0.670,56.700,71.930,152.400,2.083,0.295,1,1,1
103507,0.000,0.000,-0.900,0.000,157.830,221.230,125.750,0.000,-70.920,-0.670,56.700,71.930,152.300,2.084,0.453,1,1,1
103607,0.000,0.000,-0.900,0.000,157.830,206.450,125.730,0.000,-73.880,-0.130,56.700,79.980,152.400,2.091,0.304,1,1,1
103807,0.000,0.000,-0.900,0.000,157.830,206.450,125.730,0.000,-73.880,-0.130,56.700,79.980,152.300,2.090,0.014,1,1,1
103907,0.000,0.000,-0.900,0.000,157.830,184.730,125.600,0.000,-72.660,-0.420,56.700,91.030,152.100,2.093,0.128,1,1,1
104007,0.000,0.000,-0.900,0.000,157.830,184.730,125.600,0.000,-72.660,-0.420,56.700,91.030,152.100,2.094,0.006,1,1,1
104107,0.000,0.000,-0.900,0.000,157.830,170.150,125.880,0.000,-72.510,1.370,56.700,98.140,151.900,2.093,0.155,1,1,1
104307,0.000,0.000,-0.900,0.000,157.830,170.150,125.880,0.000,-72.510,1.370,56.700,98.140,151.900,2.079,-0.091,1,1,1
104407,0.000,0.000,-0.900,0.000,157.830,148.650,125.880,0.000,-71.910,0.000,56.700,108.440,152.400,2.087,0.128,1,1,1
104507,0.000,0.000,-0.900,0.000,157.830,148.650,125.880,0.000,-71.910,0.000,56.700,108.440,151.800,2.092,0.067,1,1,1
104607,0.000,0.000,-0.900,0.000,157.830,140.630,125.880,0.000,-39.930,0.000,56.700,112.280,151.700,2.091,-0.039,1,1,1
104807,0.000,0.000,-0.900,0.000,157.830,140.630,125.880,0.000,-39.930,0.000,56.700,112.280,151.800,2.081,-0.065,1,1,1
104907,0.000,0.000,-0.900,0.000,157.830,140.530,125.900,0.000,-0.330,0.080,56.700,112.330,151.700,2.084,-0.012,1,1,1
105007,0.000,0.000,-0.900,0.000,157.830,140.530,125.900,0.000,-0.330,0.080,56.700,112.330,151.700,2.089,0.014,1,1,1
105107,0.000,0.000,-0.900,0.000,157.830,140.530,125.900,0.000,0.000,0.000,56.700,112.330,151.700,2.091,-0.029,1,1,1
105307,0.000,0.000,-0.900,0.000,157.830,140.530,125.900,0.000,0.000,0.000,56.700,112.330,151.700,2.086,-0.004,1,1,1
105407,0.000,0.000,-0.900,0.000,157.830,140.530,125.900,0.000,0.000,0.000,56.700,112.330,151.700,2.089,0.093,1,1,1
105507,0.000,0.000,-0.900,0.000,157.830,140.530,125.900,0.000,0.000,0.000,56.700,112.330,151.700,2.091,0.067,1,1,1
105607,0.000,0.000,-0.900,0.000,157.830,140.530,125.900,0.000,0.000,0.000,56.700,112.330,151.700,2.094,0.040,1,1,1
105807,0.000,0.000,-0.900,0.000,157.830,140.530,125.900,0.000,0.000,0.000,56.700,112.330,151.700,2.097,0.040,1,1,1
105907,0.000,0.000,-0.900,0.000,157.830,140.530,125.900,0.000,0.000,0.000,56.700,112.330,151.700,2.100,0.067,1,1,1
106007,0.000,0.000,-0.900,0.000,157.830,140.530,125.900,0.000,0.000,0.000,56.700,112.330,151.700,2.104,-0.047,1,1,1
106107,0.000,0.000,-0.900,0.000,157.830,140.530,125.900,0.000,0.000,0.000,56.700,112.330,151.700,2.103,0.014,1,1,1
    106307,0.000,0.000,-0.900,0.000,157,030$!$0*!!   !       0&   &0  $ 6 ,,,,,,,,,,,,
